uf,tipo_doenca,local_obito,faixa_etaria,sexo,total
DF,OUTRAS,DOMICILIO,< 9,F,3
DF,OUTRAS,HOSPITAL,< 9,F,71
DF,OUTRAS,HOSPITAL,< 9,M,85
DF,OUTRAS,OUTRO,< 9,M,1
DF,OUTRAS,OUTROS_SERVICOS_SAUDE,< 9,F,2
DF,OUTRAS,OUTROS_SERVICOS_SAUDE,< 9,M,4
DF,COVID,HOSPITAL,< 9,F,2
DF,INDETERMINADA,HOSPITAL,< 9,F,2
DF,INDETERMINADA,HOSPITAL,< 9,M,1
DF,INSUFICIENCIA_RESPIRATORIA,HOSPITAL,< 9,F,22
DF,INSUFICIENCIA_RESPIRATORIA,HOSPITAL,< 9,M,20
DF,INSUFICIENCIA_RESPIRATORIA,OUTROS_SERVICOS_SAUDE,< 9,M,1
DF,PNEUMONIA,HOSPITAL,< 9,F,6
DF,PNEUMONIA,HOSPITAL,< 9,M,10
DF,PNEUMONIA,OUTROS_SERVICOS_SAUDE,< 9,F,1
DF,SEPTICEMIA,HOSPITAL,< 9,F,41
DF,SEPTICEMIA,HOSPITAL,< 9,M,42
DF,SEPTICEMIA,OUTROS_SERVICOS_SAUDE,< 9,F,1
DF,SRAG,HOSPITAL,< 9,F,5
DF,SRAG,HOSPITAL,< 9,M,3
MG,OUTRAS,DOMICILIO,< 9,F,22
MG,OUTRAS,DOMICILIO,< 9,M,26
MG,OUTRAS,HOSPITAL,< 9,F,387
MG,OUTRAS,HOSPITAL,< 9,,7
MG,OUTRAS,HOSPITAL,< 9,M,436
MG,OUTRAS,IGNORADO,< 9,F,11
MG,OUTRAS,IGNORADO,< 9,,1
MG,OUTRAS,IGNORADO,< 9,M,7
MG,OUTRAS,OUTRO,< 9,F,1
MG,OUTRAS,OUTRO,< 9,M,3
MG,OUTRAS,OUTROS_SERVICOS_SAUDE,< 9,F,7
MG,OUTRAS,OUTROS_SERVICOS_SAUDE,< 9,M,10
MG,OUTRAS,VIA_PUBLICA,< 9,F,3
MG,OUTRAS,VIA_PUBLICA,< 9,M,5
MG,COVID,HOSPITAL,< 9,F,1
MG,COVID,HOSPITAL,< 9,M,2
MG,COVID,OUTROS_SERVICOS_SAUDE,< 9,M,1
MG,INDETERMINADA,DOMICILIO,< 9,M,1
MG,INDETERMINADA,HOSPITAL,< 9,F,5
MG,INDETERMINADA,HOSPITAL,< 9,M,9
MG,INDETERMINADA,OUTROS_SERVICOS_SAUDE,< 9,F,1
MG,INDETERMINADA,OUTROS_SERVICOS_SAUDE,< 9,M,1
MG,INSUFICIENCIA_RESPIRATORIA,DOMICILIO,< 9,F,1
MG,INSUFICIENCIA_RESPIRATORIA,DOMICILIO,< 9,M,3
MG,INSUFICIENCIA_RESPIRATORIA,HOSPITAL,< 9,F,61
MG,INSUFICIENCIA_RESPIRATORIA,HOSPITAL,< 9,,3
MG,INSUFICIENCIA_RESPIRATORIA,HOSPITAL,< 9,M,89
MG,INSUFICIENCIA_RESPIRATORIA,IGNORADO,< 9,M,1
MG,INSUFICIENCIA_RESPIRATORIA,OUTROS_SERVICOS_SAUDE,< 9,F,2
MG,INSUFICIENCIA_RESPIRATORIA,OUTROS_SERVICOS_SAUDE,< 9,M,1
MG,INSUFICIENCIA_RESPIRATORIA,VIA_PUBLICA,< 9,F,2
MG,INSUFICIENCIA_RESPIRATORIA,VIA_PUBLICA,< 9,M,1
MG,PNEUMONIA,DOMICILIO,< 9,M,1
MG,PNEUMONIA,HOSPITAL,< 9,F,18
MG,PNEUMONIA,HOSPITAL,< 9,M,36
MG,PNEUMONIA,OUTROS_SERVICOS_SAUDE,< 9,M,1
MG,SEPTICEMIA,HOSPITAL,< 9,F,173
MG,SEPTICEMIA,HOSPITAL,< 9,M,185
MG,SEPTICEMIA,IGNORADO,< 9,F,3
MG,SEPTICEMIA,IGNORADO,< 9,M,2
MG,SEPTICEMIA,OUTROS_SERVICOS_SAUDE,< 9,F,2
MG,SEPTICEMIA,OUTROS_SERVICOS_SAUDE,< 9,M,1
MG,SEPTICEMIA,VIA_PUBLICA,< 9,F,1
MG,SRAG,HOSPITAL,< 9,F,6
MG,SRAG,HOSPITAL,< 9,M,9
MG,SRAG,IGNORADO,< 9,M,1
MS,OUTRAS,DOMICILIO,< 9,F,9
MS,OUTRAS,DOMICILIO,< 9,M,11
MS,OUTRAS,HOSPITAL,< 9,F,120
MS,OUTRAS,HOSPITAL,< 9,M,148
MS,OUTRAS,OUTRO,< 9,M,2
MS,OUTRAS,VIA_PUBLICA,< 9,F,2
MS,OUTRAS,VIA_PUBLICA,< 9,M,3
MS,INDETERMINADA,DOMICILIO,< 9,M,1
MS,INDETERMINADA,HOSPITAL,< 9,F,1
MS,INDETERMINADA,POSTO_SAUDE,< 9,F,1
MS,INSUFICIENCIA_RESPIRATORIA,DOMICILIO,< 9,F,1
MS,INSUFICIENCIA_RESPIRATORIA,DOMICILIO,< 9,M,4
MS,INSUFICIENCIA_RESPIRATORIA,HOSPITAL,< 9,F,11
MS,INSUFICIENCIA_RESPIRATORIA,HOSPITAL,< 9,M,21
MS,PNEUMONIA,HOSPITAL,< 9,F,16
MS,PNEUMONIA,HOSPITAL,< 9,M,15
MS,PNEUMONIA,VIA_PUBLICA,< 9,M,1
MS,SEPTICEMIA,HOSPITAL,< 9,F,34
MS,SEPTICEMIA,HOSPITAL,< 9,M,37
MS,SRAG,HOSPITAL,< 9,M,1
RJ,OUTRAS,DOMICILIO,< 9,F,22
RJ,OUTRAS,DOMICILIO,< 9,M,18
RJ,OUTRAS,HOSPITAL,< 9,,1
RJ,OUTRAS,HOSPITAL,< 9,F,574
RJ,OUTRAS,HOSPITAL,< 9,,16
RJ,OUTRAS,HOSPITAL,< 9,M,643
RJ,OUTRAS,IGNORADO,< 9,M,1
RJ,OUTRAS,OUTRO,< 9,F,5
RJ,OUTRAS,OUTRO,< 9,M,2
RJ,OUTRAS,OUTROS_SERVICOS_SAUDE,< 9,F,20
RJ,OUTRAS,OUTROS_SERVICOS_SAUDE,< 9,M,22
RJ,OUTRAS,VIA_PUBLICA,< 9,F,3
RJ,OUTRAS,VIA_PUBLICA,< 9,M,6
RJ,COVID,HOSPITAL,< 9,F,21
RJ,COVID,HOSPITAL,< 9,M,18
RJ,INDETERMINADA,DOMICILIO,< 9,M,3
RJ,INDETERMINADA,HOSPITAL,< 9,F,2
RJ,INDETERMINADA,HOSPITAL,< 9,M,1
RJ,INDETERMINADA,OUTRO,< 9,M,1
RJ,INSUFICIENCIA_RESPIRATORIA,DOMICILIO,< 9,M,5
RJ,INSUFICIENCIA_RESPIRATORIA,HOSPITAL,< 9,F,36
RJ,INSUFICIENCIA_RESPIRATORIA,HOSPITAL,< 9,,1
RJ,INSUFICIENCIA_RESPIRATORIA,HOSPITAL,< 9,M,52
RJ,INSUFICIENCIA_RESPIRATORIA,OUTROS_SERVICOS_SAUDE,< 9,F,2
RJ,INSUFICIENCIA_RESPIRATORIA,OUTROS_SERVICOS_SAUDE,< 9,M,5
RJ,PNEUMONIA,DOMICILIO,< 9,M,1
RJ,PNEUMONIA,HOSPITAL,< 9,F,47
RJ,PNEUMONIA,HOSPITAL,< 9,M,55
RJ,PNEUMONIA,OUTRO,< 9,F,1
RJ,PNEUMONIA,OUTRO,< 9,M,1
RJ,PNEUMONIA,OUTROS_SERVICOS_SAUDE,< 9,F,3
RJ,PNEUMONIA,OUTROS_SERVICOS_SAUDE,< 9,M,8
RJ,PNEUMONIA,VIA_PUBLICA,< 9,F,1
RJ,SEPTICEMIA,HOSPITAL,< 9,F,240
RJ,SEPTICEMIA,HOSPITAL,< 9,,1
RJ,SEPTICEMIA,HOSPITAL,< 9,M,269
RJ,SEPTICEMIA,IGNORADO,< 9,F,1
RJ,SEPTICEMIA,OUTROS_SERVICOS_SAUDE,< 9,F,2
RJ,SEPTICEMIA,OUTROS_SERVICOS_SAUDE,< 9,M,2
RJ,SRAG,HOSPITAL,< 9,F,6
RJ,SRAG,HOSPITAL,< 9,M,3
DF,OUTRAS,DOMICILIO,10 - 19,F,1
DF,OUTRAS,DOMICILIO,10 - 19,M,4
DF,OUTRAS,HOSPITAL,10 - 19,F,7
DF,OUTRAS,HOSPITAL,10 - 19,M,30
DF,OUTRAS,OUTRO,10 - 19,F,2
DF,OUTRAS,OUTRO,10 - 19,M,1
DF,OUTRAS,OUTROS_SERVICOS_SAUDE,10 - 19,F,1
DF,OUTRAS,VIA_PUBLICA,10 - 19,F,1
DF,OUTRAS,VIA_PUBLICA,10 - 19,M,4
DF,COVID,OUTROS_SERVICOS_SAUDE,10 - 19,F,1
DF,COVID,OUTROS_SERVICOS_SAUDE,10 - 19,M,1
DF,INDETERMINADA,HOSPITAL,10 - 19,M,1
DF,INSUFICIENCIA_RESPIRATORIA,HOSPITAL,10 - 19,M,1
DF,INSUFICIENCIA_RESPIRATORIA,OUTRO,10 - 19,F,1
DF,PNEUMONIA,HOSPITAL,10 - 19,F,5
DF,PNEUMONIA,HOSPITAL,10 - 19,M,3
DF,SEPTICEMIA,HOSPITAL,10 - 19,F,1
DF,SEPTICEMIA,HOSPITAL,10 - 19,M,4
MG,OUTRAS,DOMICILIO,10 - 19,F,9
MG,OUTRAS,DOMICILIO,10 - 19,M,18
MG,OUTRAS,HOSPITAL,10 - 19,F,39
MG,OUTRAS,HOSPITAL,10 - 19,M,77
MG,OUTRAS,IGNORADO,10 - 19,M,6
MG,OUTRAS,OUTRO,10 - 19,F,1
MG,OUTRAS,OUTRO,10 - 19,M,15
MG,OUTRAS,OUTROS_SERVICOS_SAUDE,10 - 19,F,5
MG,OUTRAS,OUTROS_SERVICOS_SAUDE,10 - 19,M,10
MG,OUTRAS,VIA_PUBLICA,10 - 19,F,3
MG,OUTRAS,VIA_PUBLICA,10 - 19,M,16
MG,COVID,HOSPITAL,10 - 19,M,3
MG,COVID,OUTRO,10 - 19,M,1
MG,INDETERMINADA,DOMICILIO,10 - 19,F,2
MG,INDETERMINADA,DOMICILIO,10 - 19,M,1
MG,INDETERMINADA,OUTRO,10 - 19,M,3
MG,INSUFICIENCIA_RESPIRATORIA,DOMICILIO,10 - 19,F,1
MG,INSUFICIENCIA_RESPIRATORIA,HOSPITAL,10 - 19,F,10
MG,INSUFICIENCIA_RESPIRATORIA,HOSPITAL,10 - 19,M,8
MG,INSUFICIENCIA_RESPIRATORIA,IGNORADO,10 - 19,F,2
MG,INSUFICIENCIA_RESPIRATORIA,OUTROS_SERVICOS_SAUDE,10 - 19,F,1
MG,INSUFICIENCIA_RESPIRATORIA,OUTROS_SERVICOS_SAUDE,10 - 19,M,2
MG,PNEUMONIA,DOMICILIO,10 - 19,F,2
MG,PNEUMONIA,DOMICILIO,10 - 19,M,2
MG,PNEUMONIA,HOSPITAL,10 - 19,F,12
MG,PNEUMONIA,HOSPITAL,10 - 19,M,17
MG,PNEUMONIA,OUTROS_SERVICOS_SAUDE,10 - 19,F,1
MG,SEPTICEMIA,DOMICILIO,10 - 19,M,2
MG,SEPTICEMIA,HOSPITAL,10 - 19,F,15
MG,SEPTICEMIA,HOSPITAL,10 - 19,M,28
MG,SEPTICEMIA,IGNORADO,10 - 19,F,1
MG,SEPTICEMIA,IGNORADO,10 - 19,M,1
MG,SEPTICEMIA,OUTROS_SERVICOS_SAUDE,10 - 19,M,1
MG,SRAG,HOSPITAL,10 - 19,M,2
MG,SRAG,OUTROS_SERVICOS_SAUDE,10 - 19,F,1
MS,OUTRAS,DOMICILIO,10 - 19,F,7
MS,OUTRAS,DOMICILIO,10 - 19,M,10
MS,OUTRAS,HOSPITAL,10 - 19,F,6
MS,OUTRAS,HOSPITAL,10 - 19,M,11
MS,OUTRAS,OUTRO,10 - 19,M,1
MS,OUTRAS,VIA_PUBLICA,10 - 19,F,1
MS,OUTRAS,VIA_PUBLICA,10 - 19,M,5
MS,COVID,HOSPITAL,10 - 19,F,1
MS,INDETERMINADA,POSTO_SAUDE,10 - 19,F,1
MS,INSUFICIENCIA_RESPIRATORIA,DOMICILIO,10 - 19,F,1
MS,INSUFICIENCIA_RESPIRATORIA,HOSPITAL,10 - 19,F,1
MS,INSUFICIENCIA_RESPIRATORIA,VIA_PUBLICA,10 - 19,M,1
MS,PNEUMONIA,HOSPITAL,10 - 19,F,5
MS,PNEUMONIA,HOSPITAL,10 - 19,M,5
MS,SEPTICEMIA,HOSPITAL,10 - 19,F,7
MS,SEPTICEMIA,HOSPITAL,10 - 19,M,1
MS,SRAG,HOSPITAL,10 - 19,M,1
RJ,OUTRAS,DOMICILIO,10 - 19,F,4
RJ,OUTRAS,DOMICILIO,10 - 19,M,17
RJ,OUTRAS,HOSPITAL,10 - 19,F,64
RJ,OUTRAS,HOSPITAL,10 - 19,M,134
RJ,OUTRAS,OUTRO,10 - 19,F,5
RJ,OUTRAS,OUTRO,10 - 19,M,14
RJ,OUTRAS,OUTROS_SERVICOS_SAUDE,10 - 19,F,16
RJ,OUTRAS,OUTROS_SERVICOS_SAUDE,10 - 19,M,35
RJ,OUTRAS,VIA_PUBLICA,10 - 19,F,2
RJ,OUTRAS,VIA_PUBLICA,10 - 19,M,24
RJ,COVID,DOMICILIO,10 - 19,F,1
RJ,COVID,HOSPITAL,10 - 19,F,5
RJ,COVID,HOSPITAL,10 - 19,M,9
RJ,COVID,OUTROS_SERVICOS_SAUDE,10 - 19,F,1
RJ,COVID,OUTROS_SERVICOS_SAUDE,10 - 19,M,1
RJ,INDETERMINADA,DOMICILIO,10 - 19,M,1
RJ,INDETERMINADA,HOSPITAL,10 - 19,F,1
RJ,INDETERMINADA,OUTROS_SERVICOS_SAUDE,10 - 19,M,1
RJ,INDETERMINADA,VIA_PUBLICA,10 - 19,M,1
RJ,INSUFICIENCIA_RESPIRATORIA,DOMICILIO,10 - 19,M,1
RJ,INSUFICIENCIA_RESPIRATORIA,HOSPITAL,10 - 19,F,8
RJ,INSUFICIENCIA_RESPIRATORIA,HOSPITAL,10 - 19,M,11
RJ,INSUFICIENCIA_RESPIRATORIA,OUTROS_SERVICOS_SAUDE,10 - 19,F,2
RJ,INSUFICIENCIA_RESPIRATORIA,OUTROS_SERVICOS_SAUDE,10 - 19,M,3
RJ,PNEUMONIA,DOMICILIO,10 - 19,M,1
RJ,PNEUMONIA,HOSPITAL,10 - 19,F,17
RJ,PNEUMONIA,HOSPITAL,10 - 19,M,28
RJ,PNEUMONIA,OUTRO,10 - 19,F,1
RJ,PNEUMONIA,OUTROS_SERVICOS_SAUDE,10 - 19,F,4
RJ,PNEUMONIA,OUTROS_SERVICOS_SAUDE,10 - 19,M,4
RJ,SEPTICEMIA,DOMICILIO,10 - 19,F,1
RJ,SEPTICEMIA,HOSPITAL,10 - 19,F,30
RJ,SEPTICEMIA,HOSPITAL,10 - 19,M,20
RJ,SEPTICEMIA,OUTROS_SERVICOS_SAUDE,10 - 19,M,4
RJ,SRAG,HOSPITAL,10 - 19,F,1
RJ,SRAG,HOSPITAL,10 - 19,M,2
DF,OUTRAS,DOMICILIO,20 - 29,F,4
DF,OUTRAS,DOMICILIO,20 - 29,M,11
DF,OUTRAS,HOSPITAL,20 - 29,F,28
DF,OUTRAS,HOSPITAL,20 - 29,M,83
DF,OUTRAS,IGNORADO,20 - 29,M,1
DF,OUTRAS,OUTRO,20 - 29,F,1
DF,OUTRAS,OUTRO,20 - 29,M,7
DF,OUTRAS,OUTROS_SERVICOS_SAUDE,20 - 29,F,2
DF,OUTRAS,OUTROS_SERVICOS_SAUDE,20 - 29,M,1
DF,OUTRAS,VIA_PUBLICA,20 - 29,F,1
DF,OUTRAS,VIA_PUBLICA,20 - 29,M,19
DF,COVID,HOSPITAL,20 - 29,F,6
DF,COVID,HOSPITAL,20 - 29,M,7
DF,INDETERMINADA,HOSPITAL,20 - 29,F,1
DF,INDETERMINADA,HOSPITAL,20 - 29,M,4
DF,INSUFICIENCIA_RESPIRATORIA,HOSPITAL,20 - 29,F,3
DF,INSUFICIENCIA_RESPIRATORIA,HOSPITAL,20 - 29,M,5
DF,PNEUMONIA,DOMICILIO,20 - 29,M,1
DF,PNEUMONIA,HOSPITAL,20 - 29,F,6
DF,PNEUMONIA,HOSPITAL,20 - 29,M,12
DF,SEPTICEMIA,DOMICILIO,20 - 29,M,1
DF,SEPTICEMIA,HOSPITAL,20 - 29,F,8
DF,SEPTICEMIA,HOSPITAL,20 - 29,M,9
DF,SEPTICEMIA,OUTRO,20 - 29,M,1
MG,OUTRAS,DOMICILIO,20 - 29,F,28
MG,OUTRAS,DOMICILIO,20 - 29,M,73
MG,OUTRAS,HOSPITAL,20 - 29,F,82
MG,OUTRAS,HOSPITAL,20 - 29,M,167
MG,OUTRAS,IGNORADO,20 - 29,F,3
MG,OUTRAS,IGNORADO,20 - 29,M,7
MG,OUTRAS,OUTRO,20 - 29,F,15
MG,OUTRAS,OUTRO,20 - 29,M,42
MG,OUTRAS,OUTROS_SERVICOS_SAUDE,20 - 29,F,12
MG,OUTRAS,OUTROS_SERVICOS_SAUDE,20 - 29,M,23
MG,OUTRAS,VIA_PUBLICA,20 - 29,F,10
MG,OUTRAS,VIA_PUBLICA,20 - 29,M,80
MG,COVID,DOMICILIO,20 - 29,M,1
MG,COVID,HOSPITAL,20 - 29,F,5
MG,COVID,HOSPITAL,20 - 29,M,13
MG,COVID,OUTROS_SERVICOS_SAUDE,20 - 29,F,1
MG,COVID,OUTROS_SERVICOS_SAUDE,20 - 29,M,1
MG,INDETERMINADA,DOMICILIO,20 - 29,F,1
MG,INDETERMINADA,DOMICILIO,20 - 29,M,6
MG,INDETERMINADA,HOSPITAL,20 - 29,F,2
MG,INDETERMINADA,HOSPITAL,20 - 29,M,5
MG,INDETERMINADA,OUTRO,20 - 29,F,2
MG,INDETERMINADA,OUTRO,20 - 29,M,2
MG,INDETERMINADA,OUTROS_SERVICOS_SAUDE,20 - 29,F,1
MG,INDETERMINADA,OUTROS_SERVICOS_SAUDE,20 - 29,M,1
MG,INDETERMINADA,VIA_PUBLICA,20 - 29,M,1
MG,INSUFICIENCIA_RESPIRATORIA,DOMICILIO,20 - 29,F,1
MG,INSUFICIENCIA_RESPIRATORIA,HOSPITAL,20 - 29,F,13
MG,INSUFICIENCIA_RESPIRATORIA,HOSPITAL,20 - 29,M,22
MG,INSUFICIENCIA_RESPIRATORIA,OUTROS_SERVICOS_SAUDE,20 - 29,F,1
MG,INSUFICIENCIA_RESPIRATORIA,OUTROS_SERVICOS_SAUDE,20 - 29,M,1
MG,PNEUMONIA,DOMICILIO,20 - 29,F,1
MG,PNEUMONIA,DOMICILIO,20 - 29,M,1
MG,PNEUMONIA,HOSPITAL,20 - 29,F,22
MG,PNEUMONIA,HOSPITAL,20 - 29,M,46
MG,PNEUMONIA,IGNORADO,20 - 29,M,3
MG,PNEUMONIA,OUTRO,20 - 29,M,2
MG,PNEUMONIA,OUTROS_SERVICOS_SAUDE,20 - 29,F,1
MG,PNEUMONIA,OUTROS_SERVICOS_SAUDE,20 - 29,M,3
MG,SEPTICEMIA,DOMICILIO,20 - 29,M,1
MG,SEPTICEMIA,HOSPITAL,20 - 29,F,39
MG,SEPTICEMIA,HOSPITAL,20 - 29,M,44
MG,SEPTICEMIA,IGNORADO,20 - 29,F,1
MG,SEPTICEMIA,IGNORADO,20 - 29,M,1
MG,SEPTICEMIA,OUTRO,20 - 29,F,1
MG,SEPTICEMIA,OUTROS_SERVICOS_SAUDE,20 - 29,F,1
MG,SEPTICEMIA,OUTROS_SERVICOS_SAUDE,20 - 29,M,2
MG,SRAG,HOSPITAL,20 - 29,F,3
MG,SRAG,HOSPITAL,20 - 29,M,3
MG,SRAG,OUTROS_SERVICOS_SAUDE,20 - 29,F,1
MS,OUTRAS,DOMICILIO,20 - 29,F,10
MS,OUTRAS,DOMICILIO,20 - 29,M,10
MS,OUTRAS,HOSPITAL,20 - 29,F,11
MS,OUTRAS,HOSPITAL,20 - 29,M,27
MS,OUTRAS,IGNORADO,20 - 29,M,1
MS,OUTRAS,OUTRO,20 - 29,M,8
MS,OUTRAS,VIA_PUBLICA,20 - 29,F,2
MS,OUTRAS,VIA_PUBLICA,20 - 29,M,16
MS,COVID,HOSPITAL,20 - 29,F,1
MS,COVID,HOSPITAL,20 - 29,M,1
MS,INDETERMINADA,HOSPITAL,20 - 29,M,1
MS,INDETERMINADA,POSTO_SAUDE,20 - 29,M,1
MS,INSUFICIENCIA_RESPIRATORIA,HOSPITAL,20 - 29,F,3
MS,INSUFICIENCIA_RESPIRATORIA,HOSPITAL,20 - 29,M,2
MS,INSUFICIENCIA_RESPIRATORIA,POSTO_SAUDE,20 - 29,M,1
MS,PNEUMONIA,DOMICILIO,20 - 29,M,1
MS,PNEUMONIA,HOSPITAL,20 - 29,F,6
MS,PNEUMONIA,HOSPITAL,20 - 29,M,11
MS,SEPTICEMIA,DOMICILIO,20 - 29,M,1
MS,SEPTICEMIA,HOSPITAL,20 - 29,F,9
MS,SEPTICEMIA,HOSPITAL,20 - 29,M,11
MS,SRAG,HOSPITAL,20 - 29,M,2
RJ,OUTRAS,DOMICILIO,20 - 29,F,31
RJ,OUTRAS,DOMICILIO,20 - 29,M,64
RJ,OUTRAS,HOSPITAL,20 - 29,F,145
RJ,OUTRAS,HOSPITAL,20 - 29,M,408
RJ,OUTRAS,IGNORADO,20 - 29,F,2
RJ,OUTRAS,IGNORADO,20 - 29,M,2
RJ,OUTRAS,OUTRO,20 - 29,F,11
RJ,OUTRAS,OUTRO,20 - 29,M,71
RJ,OUTRAS,OUTROS_SERVICOS_SAUDE,20 - 29,F,48
RJ,OUTRAS,OUTROS_SERVICOS_SAUDE,20 - 29,M,105
RJ,OUTRAS,VIA_PUBLICA,20 - 29,F,8
RJ,OUTRAS,VIA_PUBLICA,20 - 29,M,93
RJ,COVID,HOSPITAL,20 - 29,F,51
RJ,COVID,HOSPITAL,20 - 29,M,51
RJ,COVID,IGNORADO,20 - 29,M,1
RJ,COVID,OUTROS_SERVICOS_SAUDE,20 - 29,F,7
RJ,COVID,OUTROS_SERVICOS_SAUDE,20 - 29,M,12
RJ,INDETERMINADA,DOMICILIO,20 - 29,F,1
RJ,INDETERMINADA,DOMICILIO,20 - 29,M,1
RJ,INDETERMINADA,HOSPITAL,20 - 29,M,3
RJ,INDETERMINADA,OUTRO,20 - 29,M,3
RJ,INDETERMINADA,OUTROS_SERVICOS_SAUDE,20 - 29,F,2
RJ,INDETERMINADA,OUTROS_SERVICOS_SAUDE,20 - 29,M,4
RJ,INDETERMINADA,VIA_PUBLICA,20 - 29,M,1
RJ,INSUFICIENCIA_RESPIRATORIA,DOMICILIO,20 - 29,F,1
RJ,INSUFICIENCIA_RESPIRATORIA,DOMICILIO,20 - 29,M,6
RJ,INSUFICIENCIA_RESPIRATORIA,HOSPITAL,20 - 29,F,23
RJ,INSUFICIENCIA_RESPIRATORIA,HOSPITAL,20 - 29,M,27
RJ,INSUFICIENCIA_RESPIRATORIA,OUTROS_SERVICOS_SAUDE,20 - 29,F,6
RJ,INSUFICIENCIA_RESPIRATORIA,OUTROS_SERVICOS_SAUDE,20 - 29,M,10
RJ,PNEUMONIA,DOMICILIO,20 - 29,M,1
RJ,PNEUMONIA,HOSPITAL,20 - 29,F,51
RJ,PNEUMONIA,HOSPITAL,20 - 29,M,78
RJ,PNEUMONIA,OUTROS_SERVICOS_SAUDE,20 - 29,F,11
RJ,PNEUMONIA,OUTROS_SERVICOS_SAUDE,20 - 29,M,10
RJ,PNEUMONIA,VIA_PUBLICA,20 - 29,M,2
RJ,SEPTICEMIA,DOMICILIO,20 - 29,M,1
RJ,SEPTICEMIA,HOSPITAL,20 - 29,F,60
RJ,SEPTICEMIA,HOSPITAL,20 - 29,M,62
RJ,SEPTICEMIA,OUTROS_SERVICOS_SAUDE,20 - 29,F,3
RJ,SEPTICEMIA,OUTROS_SERVICOS_SAUDE,20 - 29,M,9
RJ,SRAG,HOSPITAL,20 - 29,F,7
RJ,SRAG,HOSPITAL,20 - 29,M,5
DF,OUTRAS,DOMICILIO,30 - 39,F,5
DF,OUTRAS,DOMICILIO,30 - 39,M,25
DF,OUTRAS,HOSPITAL,30 - 39,F,58
DF,OUTRAS,HOSPITAL,30 - 39,M,108
DF,OUTRAS,OUTRO,30 - 39,F,2
DF,OUTRAS,OUTRO,30 - 39,M,12
DF,OUTRAS,OUTROS_SERVICOS_SAUDE,30 - 39,M,3
DF,OUTRAS,VIA_PUBLICA,30 - 39,F,2
DF,OUTRAS,VIA_PUBLICA,30 - 39,M,19
DF,COVID,DOMICILIO,30 - 39,M,2
DF,COVID,HOSPITAL,30 - 39,F,10
DF,COVID,HOSPITAL,30 - 39,M,19
DF,COVID,OUTROS_SERVICOS_SAUDE,30 - 39,M,1
DF,INDETERMINADA,DOMICILIO,30 - 39,M,1
DF,INDETERMINADA,HOSPITAL,30 - 39,F,2
DF,INDETERMINADA,HOSPITAL,30 - 39,M,5
DF,INDETERMINADA,OUTROS_SERVICOS_SAUDE,30 - 39,F,1
DF,INSUFICIENCIA_RESPIRATORIA,DOMICILIO,30 - 39,M,3
DF,INSUFICIENCIA_RESPIRATORIA,HOSPITAL,30 - 39,F,9
DF,INSUFICIENCIA_RESPIRATORIA,HOSPITAL,30 - 39,M,7
DF,INSUFICIENCIA_RESPIRATORIA,OUTRO,30 - 39,M,1
DF,PNEUMONIA,DOMICILIO,30 - 39,F,1
DF,PNEUMONIA,HOSPITAL,30 - 39,F,14
DF,PNEUMONIA,HOSPITAL,30 - 39,M,19
DF,PNEUMONIA,OUTROS_SERVICOS_SAUDE,30 - 39,F,1
DF,SEPTICEMIA,HOSPITAL,30 - 39,F,14
DF,SEPTICEMIA,HOSPITAL,30 - 39,M,14
DF,SEPTICEMIA,OUTROS_SERVICOS_SAUDE,30 - 39,F,1
DF,SRAG,HOSPITAL,30 - 39,F,1
MG,OUTRAS,DOMICILIO,30 - 39,F,83
MG,OUTRAS,DOMICILIO,30 - 39,M,173
MG,OUTRAS,HOSPITAL,30 - 39,F,250
MG,OUTRAS,HOSPITAL,30 - 39,M,334
MG,OUTRAS,IGNORADO,30 - 39,F,12
MG,OUTRAS,IGNORADO,30 - 39,M,21
MG,OUTRAS,OUTRO,30 - 39,F,14
MG,OUTRAS,OUTRO,30 - 39,M,54
MG,OUTRAS,OUTROS_SERVICOS_SAUDE,30 - 39,F,24
MG,OUTRAS,OUTROS_SERVICOS_SAUDE,30 - 39,M,58
MG,OUTRAS,VIA_PUBLICA,30 - 39,F,13
MG,OUTRAS,VIA_PUBLICA,30 - 39,M,69
MG,COVID,DOMICILIO,30 - 39,F,1
MG,COVID,DOMICILIO,30 - 39,M,1
MG,COVID,HOSPITAL,30 - 39,F,11
MG,COVID,HOSPITAL,30 - 39,M,32
MG,COVID,IGNORADO,30 - 39,M,1
MG,COVID,OUTROS_SERVICOS_SAUDE,30 - 39,F,3
MG,COVID,OUTROS_SERVICOS_SAUDE,30 - 39,M,3
MG,INDETERMINADA,DOMICILIO,30 - 39,F,2
MG,INDETERMINADA,DOMICILIO,30 - 39,M,12
MG,INDETERMINADA,HOSPITAL,30 - 39,F,7
MG,INDETERMINADA,HOSPITAL,30 - 39,M,4
MG,INDETERMINADA,IGNORADO,30 - 39,F,2
MG,INDETERMINADA,IGNORADO,30 - 39,M,1
MG,INDETERMINADA,OUTRO,30 - 39,M,9
MG,INDETERMINADA,OUTROS_SERVICOS_SAUDE,30 - 39,F,2
MG,INDETERMINADA,VIA_PUBLICA,30 - 39,M,4
MG,INSUFICIENCIA_RESPIRATORIA,DOMICILIO,30 - 39,F,3
MG,INSUFICIENCIA_RESPIRATORIA,DOMICILIO,30 - 39,M,3
MG,INSUFICIENCIA_RESPIRATORIA,HOSPITAL,30 - 39,F,48
MG,INSUFICIENCIA_RESPIRATORIA,HOSPITAL,30 - 39,M,36
MG,INSUFICIENCIA_RESPIRATORIA,IGNORADO,30 - 39,F,2
MG,INSUFICIENCIA_RESPIRATORIA,IGNORADO,30 - 39,M,1
MG,INSUFICIENCIA_RESPIRATORIA,OUTROS_SERVICOS_SAUDE,30 - 39,F,7
MG,INSUFICIENCIA_RESPIRATORIA,OUTROS_SERVICOS_SAUDE,30 - 39,M,5
MG,PNEUMONIA,DOMICILIO,30 - 39,F,2
MG,PNEUMONIA,DOMICILIO,30 - 39,M,6
MG,PNEUMONIA,HOSPITAL,30 - 39,F,49
MG,PNEUMONIA,HOSPITAL,30 - 39,M,74
MG,PNEUMONIA,IGNORADO,30 - 39,F,3
MG,PNEUMONIA,IGNORADO,30 - 39,M,2
MG,PNEUMONIA,OUTRO,30 - 39,M,1
MG,PNEUMONIA,OUTROS_SERVICOS_SAUDE,30 - 39,F,2
MG,PNEUMONIA,OUTROS_SERVICOS_SAUDE,30 - 39,M,6
MG,SEPTICEMIA,DOMICILIO,30 - 39,M,2
MG,SEPTICEMIA,HOSPITAL,30 - 39,F,95
MG,SEPTICEMIA,HOSPITAL,30 - 39,M,96
MG,SEPTICEMIA,IGNORADO,30 - 39,F,3
MG,SEPTICEMIA,OUTRO,30 - 39,M,1
MG,SEPTICEMIA,OUTROS_SERVICOS_SAUDE,30 - 39,F,2
MG,SEPTICEMIA,OUTROS_SERVICOS_SAUDE,30 - 39,M,5
MG,SRAG,HOSPITAL,30 - 39,F,2
MG,SRAG,HOSPITAL,30 - 39,M,2
MG,SRAG,OUTROS_SERVICOS_SAUDE,30 - 39,M,3
MS,OUTRAS,DOMICILIO,30 - 39,F,10
MS,OUTRAS,DOMICILIO,30 - 39,M,24
MS,OUTRAS,HOSPITAL,30 - 39,F,30
MS,OUTRAS,HOSPITAL,30 - 39,M,59
MS,OUTRAS,OUTRO,30 - 39,M,10
MS,OUTRAS,POSTO_SAUDE,30 - 39,M,2
MS,OUTRAS,VIA_PUBLICA,30 - 39,F,2
MS,OUTRAS,VIA_PUBLICA,30 - 39,M,17
MS,COVID,HOSPITAL,30 - 39,F,5
MS,COVID,HOSPITAL,30 - 39,M,3
MS,INDETERMINADA,DOMICILIO,30 - 39,F,1
MS,INDETERMINADA,DOMICILIO,30 - 39,M,1
MS,INSUFICIENCIA_RESPIRATORIA,DOMICILIO,30 - 39,M,2
MS,INSUFICIENCIA_RESPIRATORIA,HOSPITAL,30 - 39,F,5
MS,INSUFICIENCIA_RESPIRATORIA,HOSPITAL,30 - 39,M,11
MS,INSUFICIENCIA_RESPIRATORIA,OUTRO,30 - 39,M,1
MS,INSUFICIENCIA_RESPIRATORIA,POSTO_SAUDE,30 - 39,F,2
MS,INSUFICIENCIA_RESPIRATORIA,POSTO_SAUDE,30 - 39,M,1
MS,PNEUMONIA,DOMICILIO,30 - 39,M,2
MS,PNEUMONIA,HOSPITAL,30 - 39,F,11
MS,PNEUMONIA,HOSPITAL,30 - 39,M,16
MS,SEPTICEMIA,DOMICILIO,30 - 39,M,1
MS,SEPTICEMIA,HOSPITAL,30 - 39,F,14
MS,SEPTICEMIA,HOSPITAL,30 - 39,M,15
RJ,OUTRAS,DOMICILIO,30 - 39,F,64
RJ,OUTRAS,DOMICILIO,30 - 39,M,146
RJ,OUTRAS,HOSPITAL,30 - 39,F,315
RJ,OUTRAS,HOSPITAL,30 - 39,M,392
RJ,OUTRAS,IGNORADO,30 - 39,F,1
RJ,OUTRAS,IGNORADO,30 - 39,M,1
RJ,OUTRAS,OUTRO,30 - 39,F,16
RJ,OUTRAS,OUTRO,30 - 39,M,67
RJ,OUTRAS,OUTROS_SERVICOS_SAUDE,30 - 39,F,55
RJ,OUTRAS,OUTROS_SERVICOS_SAUDE,30 - 39,M,120
RJ,OUTRAS,VIA_PUBLICA,30 - 39,F,7
RJ,OUTRAS,VIA_PUBLICA,30 - 39,M,61
RJ,COVID,DOMICILIO,30 - 39,F,2
RJ,COVID,DOMICILIO,30 - 39,M,5
RJ,COVID,HOSPITAL,30 - 39,F,147
RJ,COVID,HOSPITAL,30 - 39,M,194
RJ,COVID,OUTROS_SERVICOS_SAUDE,30 - 39,F,26
RJ,COVID,OUTROS_SERVICOS_SAUDE,30 - 39,M,25
RJ,COVID,VIA_PUBLICA,30 - 39,M,1
RJ,INDETERMINADA,DOMICILIO,30 - 39,M,4
RJ,INDETERMINADA,HOSPITAL,30 - 39,F,4
RJ,INDETERMINADA,HOSPITAL,30 - 39,M,6
RJ,INDETERMINADA,OUTROS_SERVICOS_SAUDE,30 - 39,F,7
RJ,INDETERMINADA,OUTROS_SERVICOS_SAUDE,30 - 39,M,4
RJ,INDETERMINADA,VIA_PUBLICA,30 - 39,M,1
RJ,INSUFICIENCIA_RESPIRATORIA,DOMICILIO,30 - 39,M,1
RJ,INSUFICIENCIA_RESPIRATORIA,HOSPITAL,30 - 39,F,44
RJ,INSUFICIENCIA_RESPIRATORIA,HOSPITAL,30 - 39,M,45
RJ,INSUFICIENCIA_RESPIRATORIA,OUTROS_SERVICOS_SAUDE,30 - 39,F,16
RJ,INSUFICIENCIA_RESPIRATORIA,OUTROS_SERVICOS_SAUDE,30 - 39,M,13
RJ,PNEUMONIA,DOMICILIO,30 - 39,F,4
RJ,PNEUMONIA,DOMICILIO,30 - 39,M,9
RJ,PNEUMONIA,HOSPITAL,30 - 39,F,90
RJ,PNEUMONIA,HOSPITAL,30 - 39,M,131
RJ,PNEUMONIA,OUTRO,30 - 39,F,1
RJ,PNEUMONIA,OUTRO,30 - 39,M,1
RJ,PNEUMONIA,OUTROS_SERVICOS_SAUDE,30 - 39,F,11
RJ,PNEUMONIA,OUTROS_SERVICOS_SAUDE,30 - 39,M,27
RJ,PNEUMONIA,VIA_PUBLICA,30 - 39,M,1
RJ,SEPTICEMIA,DOMICILIO,30 - 39,M,2
RJ,SEPTICEMIA,HOSPITAL,30 - 39,F,121
RJ,SEPTICEMIA,HOSPITAL,30 - 39,M,119
RJ,SEPTICEMIA,IGNORADO,30 - 39,F,1
RJ,SEPTICEMIA,OUTRO,30 - 39,M,1
RJ,SEPTICEMIA,OUTROS_SERVICOS_SAUDE,30 - 39,F,9
RJ,SEPTICEMIA,OUTROS_SERVICOS_SAUDE,30 - 39,M,10
RJ,SRAG,HOSPITAL,30 - 39,F,9
RJ,SRAG,HOSPITAL,30 - 39,M,18
RJ,SRAG,OUTROS_SERVICOS_SAUDE,30 - 39,M,2
DF,OUTRAS,DOMICILIO,40 - 49,F,12
DF,OUTRAS,DOMICILIO,40 - 49,M,46
DF,OUTRAS,HOSPITAL,40 - 49,F,101
DF,OUTRAS,HOSPITAL,40 - 49,M,126
DF,OUTRAS,OUTRO,40 - 49,F,3
DF,OUTRAS,OUTRO,40 - 49,M,14
DF,OUTRAS,OUTROS_SERVICOS_SAUDE,40 - 49,F,2
DF,OUTRAS,OUTROS_SERVICOS_SAUDE,40 - 49,M,3
DF,OUTRAS,VIA_PUBLICA,40 - 49,F,2
DF,OUTRAS,VIA_PUBLICA,40 - 49,M,14
DF,COVID,DOMICILIO,40 - 49,M,1
DF,COVID,HOSPITAL,40 - 49,F,28
DF,COVID,HOSPITAL,40 - 49,M,54
DF,COVID,OUTROS_SERVICOS_SAUDE,40 - 49,F,1
DF,COVID,OUTROS_SERVICOS_SAUDE,40 - 49,M,3
DF,COVID,VIA_PUBLICA,40 - 49,M,1
DF,INDETERMINADA,HOSPITAL,40 - 49,F,4
DF,INDETERMINADA,HOSPITAL,40 - 49,M,4
DF,INDETERMINADA,VIA_PUBLICA,40 - 49,M,1
DF,INSUFICIENCIA_RESPIRATORIA,DOMICILIO,40 - 49,F,1
DF,INSUFICIENCIA_RESPIRATORIA,DOMICILIO,40 - 49,M,2
DF,INSUFICIENCIA_RESPIRATORIA,HOSPITAL,40 - 49,F,15
DF,INSUFICIENCIA_RESPIRATORIA,HOSPITAL,40 - 49,M,13
DF,INSUFICIENCIA_RESPIRATORIA,OUTRO,40 - 49,M,2
DF,INSUFICIENCIA_RESPIRATORIA,OUTROS_SERVICOS_SAUDE,40 - 49,M,1
DF,PNEUMONIA,HOSPITAL,40 - 49,F,23
DF,PNEUMONIA,HOSPITAL,40 - 49,M,42
DF,PNEUMONIA,OUTROS_SERVICOS_SAUDE,40 - 49,M,1
DF,SEPTICEMIA,DOMICILIO,40 - 49,M,2
DF,SEPTICEMIA,HOSPITAL,40 - 49,F,36
DF,SEPTICEMIA,HOSPITAL,40 - 49,M,33
DF,SEPTICEMIA,OUTRO,40 - 49,F,1
DF,SEPTICEMIA,OUTROS_SERVICOS_SAUDE,40 - 49,M,3
MG,OUTRAS,DOMICILIO,40 - 49,F,179
MG,OUTRAS,DOMICILIO,40 - 49,M,385
MG,OUTRAS,HOSPITAL,40 - 49,F,511
MG,OUTRAS,HOSPITAL,40 - 49,M,610
MG,OUTRAS,IGNORADO,40 - 49,F,13
MG,OUTRAS,IGNORADO,40 - 49,M,37
MG,OUTRAS,OUTRO,40 - 49,F,22
MG,OUTRAS,OUTRO,40 - 49,M,74
MG,OUTRAS,OUTROS_SERVICOS_SAUDE,40 - 49,F,70
MG,OUTRAS,OUTROS_SERVICOS_SAUDE,40 - 49,M,107
MG,OUTRAS,VIA_PUBLICA,40 - 49,F,18
MG,OUTRAS,VIA_PUBLICA,40 - 49,M,80
MG,COVID,DOMICILIO,40 - 49,M,4
MG,COVID,HOSPITAL,40 - 49,F,34
MG,COVID,HOSPITAL,40 - 49,M,55
MG,COVID,IGNORADO,40 - 49,M,1
MG,COVID,OUTRO,40 - 49,M,4
MG,COVID,OUTROS_SERVICOS_SAUDE,40 - 49,F,3
MG,COVID,OUTROS_SERVICOS_SAUDE,40 - 49,M,9
MG,INDETERMINADA,DOMICILIO,40 - 49,F,10
MG,INDETERMINADA,DOMICILIO,40 - 49,M,30
MG,INDETERMINADA,HOSPITAL,40 - 49,F,2
MG,INDETERMINADA,HOSPITAL,40 - 49,M,11
MG,INDETERMINADA,IGNORADO,40 - 49,F,2
MG,INDETERMINADA,IGNORADO,40 - 49,M,4
MG,INDETERMINADA,OUTRO,40 - 49,F,2
MG,INDETERMINADA,OUTRO,40 - 49,M,7
MG,INDETERMINADA,OUTROS_SERVICOS_SAUDE,40 - 49,F,3
MG,INDETERMINADA,OUTROS_SERVICOS_SAUDE,40 - 49,M,3
MG,INDETERMINADA,VIA_PUBLICA,40 - 49,M,3
MG,INSUFICIENCIA_RESPIRATORIA,DOMICILIO,40 - 49,F,15
MG,INSUFICIENCIA_RESPIRATORIA,DOMICILIO,40 - 49,M,15
MG,INSUFICIENCIA_RESPIRATORIA,HOSPITAL,40 - 49,F,83
MG,INSUFICIENCIA_RESPIRATORIA,HOSPITAL,40 - 49,M,126
MG,INSUFICIENCIA_RESPIRATORIA,IGNORADO,40 - 49,F,2
MG,INSUFICIENCIA_RESPIRATORIA,IGNORADO,40 - 49,M,4
MG,INSUFICIENCIA_RESPIRATORIA,OUTRO,40 - 49,F,1
MG,INSUFICIENCIA_RESPIRATORIA,OUTRO,40 - 49,M,4
MG,INSUFICIENCIA_RESPIRATORIA,OUTROS_SERVICOS_SAUDE,40 - 49,F,11
MG,INSUFICIENCIA_RESPIRATORIA,OUTROS_SERVICOS_SAUDE,40 - 49,M,9
MG,INSUFICIENCIA_RESPIRATORIA,VIA_PUBLICA,40 - 49,M,2
MG,PNEUMONIA,DOMICILIO,40 - 49,F,3
MG,PNEUMONIA,DOMICILIO,40 - 49,M,2
MG,PNEUMONIA,HOSPITAL,40 - 49,F,92
MG,PNEUMONIA,HOSPITAL,40 - 49,M,179
MG,PNEUMONIA,IGNORADO,40 - 49,F,2
MG,PNEUMONIA,IGNORADO,40 - 49,M,5
MG,PNEUMONIA,OUTRO,40 - 49,M,1
MG,PNEUMONIA,OUTROS_SERVICOS_SAUDE,40 - 49,F,4
MG,PNEUMONIA,OUTROS_SERVICOS_SAUDE,40 - 49,M,7
MG,SEPTICEMIA,DOMICILIO,40 - 49,F,1
MG,SEPTICEMIA,HOSPITAL,40 - 49,F,193
MG,SEPTICEMIA,HOSPITAL,40 - 49,M,220
MG,SEPTICEMIA,IGNORADO,40 - 49,F,6
MG,SEPTICEMIA,IGNORADO,40 - 49,M,6
MG,SEPTICEMIA,OUTRO,40 - 49,F,3
MG,SEPTICEMIA,OUTRO,40 - 49,M,1
MG,SEPTICEMIA,OUTROS_SERVICOS_SAUDE,40 - 49,F,12
MG,SEPTICEMIA,OUTROS_SERVICOS_SAUDE,40 - 49,M,10
MG,SRAG,DOMICILIO,40 - 49,F,1
MG,SRAG,HOSPITAL,40 - 49,F,8
MG,SRAG,HOSPITAL,40 - 49,M,6
MG,SRAG,OUTRO,40 - 49,M,1
MG,SRAG,OUTROS_SERVICOS_SAUDE,40 - 49,M,2
MG,SRAG,VIA_PUBLICA,40 - 49,M,1
MS,OUTRAS,DOMICILIO,40 - 49,F,22
MS,OUTRAS,DOMICILIO,40 - 49,M,51
MS,OUTRAS,HOSPITAL,40 - 49,F,77
MS,OUTRAS,HOSPITAL,40 - 49,M,96
MS,OUTRAS,IGNORADO,40 - 49,M,1
MS,OUTRAS,OUTRO,40 - 49,F,1
MS,OUTRAS,OUTRO,40 - 49,M,9
MS,OUTRAS,OUTROS_SERVICOS_SAUDE,40 - 49,M,1
MS,OUTRAS,VIA_PUBLICA,40 - 49,F,3
MS,OUTRAS,VIA_PUBLICA,40 - 49,M,17
MS,COVID,HOSPITAL,40 - 49,F,6
MS,COVID,HOSPITAL,40 - 49,M,2
MS,COVID,OUTRO,40 - 49,M,1
MS,INDETERMINADA,HOSPITAL,40 - 49,M,1
MS,INDETERMINADA,OUTRO,40 - 49,M,1
MS,INDETERMINADA,VIA_PUBLICA,40 - 49,M,1
MS,INSUFICIENCIA_RESPIRATORIA,DOMICILIO,40 - 49,F,6
MS,INSUFICIENCIA_RESPIRATORIA,DOMICILIO,40 - 49,M,2
MS,INSUFICIENCIA_RESPIRATORIA,HOSPITAL,40 - 49,F,16
MS,INSUFICIENCIA_RESPIRATORIA,HOSPITAL,40 - 49,M,21
MS,INSUFICIENCIA_RESPIRATORIA,OUTRO,40 - 49,F,1
MS,PNEUMONIA,HOSPITAL,40 - 49,F,33
MS,PNEUMONIA,HOSPITAL,40 - 49,M,53
MS,PNEUMONIA,POSTO_SAUDE,40 - 49,F,1
MS,PNEUMONIA,VIA_PUBLICA,40 - 49,M,1
MS,SEPTICEMIA,HOSPITAL,40 - 49,F,33
MS,SEPTICEMIA,HOSPITAL,40 - 49,M,41
MS,SEPTICEMIA,OUTRO,40 - 49,M,1
MS,SEPTICEMIA,POSTO_SAUDE,40 - 49,F,1
RJ,OUTRAS,DOMICILIO,40 - 49,F,176
RJ,OUTRAS,DOMICILIO,40 - 49,M,315
RJ,OUTRAS,HOSPITAL,40 - 49,F,679
RJ,OUTRAS,HOSPITAL,40 - 49,M,781
RJ,OUTRAS,IGNORADO,40 - 49,F,2
RJ,OUTRAS,IGNORADO,40 - 49,M,2
RJ,OUTRAS,OUTRO,40 - 49,F,24
RJ,OUTRAS,OUTRO,40 - 49,M,83
RJ,OUTRAS,OUTROS_SERVICOS_SAUDE,40 - 49,F,179
RJ,OUTRAS,OUTROS_SERVICOS_SAUDE,40 - 49,M,202
RJ,OUTRAS,VIA_PUBLICA,40 - 49,F,5
RJ,OUTRAS,VIA_PUBLICA,40 - 49,M,55
RJ,COVID,DOMICILIO,40 - 49,F,7
RJ,COVID,DOMICILIO,40 - 49,M,13
RJ,COVID,HOSPITAL,40 - 49,F,271
RJ,COVID,HOSPITAL,40 - 49,M,486
RJ,COVID,OUTRO,40 - 49,F,2
RJ,COVID,OUTRO,40 - 49,M,3
RJ,COVID,OUTROS_SERVICOS_SAUDE,40 - 49,F,59
RJ,COVID,OUTROS_SERVICOS_SAUDE,40 - 49,M,72
RJ,INDETERMINADA,DOMICILIO,40 - 49,F,7
RJ,INDETERMINADA,DOMICILIO,40 - 49,M,16
RJ,INDETERMINADA,HOSPITAL,40 - 49,F,13
RJ,INDETERMINADA,HOSPITAL,40 - 49,M,13
RJ,INDETERMINADA,IGNORADO,40 - 49,M,1
RJ,INDETERMINADA,OUTRO,40 - 49,M,3
RJ,INDETERMINADA,OUTROS_SERVICOS_SAUDE,40 - 49,F,8
RJ,INDETERMINADA,OUTROS_SERVICOS_SAUDE,40 - 49,M,9
RJ,INDETERMINADA,VIA_PUBLICA,40 - 49,F,1
RJ,INDETERMINADA,VIA_PUBLICA,40 - 49,M,2
RJ,INSUFICIENCIA_RESPIRATORIA,DOMICILIO,40 - 49,F,9
RJ,INSUFICIENCIA_RESPIRATORIA,DOMICILIO,40 - 49,M,7
RJ,INSUFICIENCIA_RESPIRATORIA,HOSPITAL,40 - 49,F,130
RJ,INSUFICIENCIA_RESPIRATORIA,HOSPITAL,40 - 49,M,108
RJ,INSUFICIENCIA_RESPIRATORIA,OUTRO,40 - 49,M,2
RJ,INSUFICIENCIA_RESPIRATORIA,OUTROS_SERVICOS_SAUDE,40 - 49,F,28
RJ,INSUFICIENCIA_RESPIRATORIA,OUTROS_SERVICOS_SAUDE,40 - 49,M,35
RJ,PNEUMONIA,DOMICILIO,40 - 49,F,10
RJ,PNEUMONIA,DOMICILIO,40 - 49,M,8
RJ,PNEUMONIA,HOSPITAL,40 - 49,F,158
RJ,PNEUMONIA,HOSPITAL,40 - 49,M,211
RJ,PNEUMONIA,IGNORADO,40 - 49,M,1
RJ,PNEUMONIA,OUTRO,40 - 49,F,1
RJ,PNEUMONIA,OUTRO,40 - 49,M,1
RJ,PNEUMONIA,OUTROS_SERVICOS_SAUDE,40 - 49,F,26
RJ,PNEUMONIA,OUTROS_SERVICOS_SAUDE,40 - 49,M,51
RJ,PNEUMONIA,VIA_PUBLICA,40 - 49,M,3
RJ,SEPTICEMIA,DOMICILIO,40 - 49,F,2
RJ,SEPTICEMIA,DOMICILIO,40 - 49,M,3
RJ,SEPTICEMIA,HOSPITAL,40 - 49,F,228
RJ,SEPTICEMIA,HOSPITAL,40 - 49,M,213
RJ,SEPTICEMIA,IGNORADO,40 - 49,F,1
RJ,SEPTICEMIA,OUTRO,40 - 49,F,1
RJ,SEPTICEMIA,OUTROS_SERVICOS_SAUDE,40 - 49,F,29
RJ,SEPTICEMIA,OUTROS_SERVICOS_SAUDE,40 - 49,M,31
RJ,SRAG,DOMICILIO,40 - 49,F,1
RJ,SRAG,DOMICILIO,40 - 49,M,1
RJ,SRAG,HOSPITAL,40 - 49,F,23
RJ,SRAG,HOSPITAL,40 - 49,M,51
RJ,SRAG,OUTROS_SERVICOS_SAUDE,40 - 49,F,7
RJ,SRAG,OUTROS_SERVICOS_SAUDE,40 - 49,M,20
DF,OUTRAS,DOMICILIO,50 - 59,F,24
DF,OUTRAS,DOMICILIO,50 - 59,M,65
DF,OUTRAS,HOSPITAL,50 - 59,F,142
DF,OUTRAS,HOSPITAL,50 - 59,M,217
DF,OUTRAS,OUTRO,50 - 59,F,7
DF,OUTRAS,OUTRO,50 - 59,M,17
DF,OUTRAS,OUTROS_SERVICOS_SAUDE,50 - 59,F,6
DF,OUTRAS,OUTROS_SERVICOS_SAUDE,50 - 59,M,7
DF,OUTRAS,VIA_PUBLICA,50 - 59,F,3
DF,OUTRAS,VIA_PUBLICA,50 - 59,M,6
DF,COVID,DOMICILIO,50 - 59,M,2
DF,COVID,HOSPITAL,50 - 59,F,38
DF,COVID,HOSPITAL,50 - 59,M,80
DF,COVID,OUTRO,50 - 59,F,2
DF,COVID,OUTRO,50 - 59,M,1
DF,COVID,OUTROS_SERVICOS_SAUDE,50 - 59,F,1
DF,COVID,OUTROS_SERVICOS_SAUDE,50 - 59,M,4
DF,INDETERMINADA,HOSPITAL,50 - 59,F,2
DF,INDETERMINADA,HOSPITAL,50 - 59,M,4
DF,INDETERMINADA,OUTRO,50 - 59,F,1
DF,INDETERMINADA,VIA_PUBLICA,50 - 59,M,1
DF,INSUFICIENCIA_RESPIRATORIA,DOMICILIO,50 - 59,F,3
DF,INSUFICIENCIA_RESPIRATORIA,DOMICILIO,50 - 59,M,11
DF,INSUFICIENCIA_RESPIRATORIA,HOSPITAL,50 - 59,F,17
DF,INSUFICIENCIA_RESPIRATORIA,HOSPITAL,50 - 59,M,40
DF,INSUFICIENCIA_RESPIRATORIA,OUTROS_SERVICOS_SAUDE,50 - 59,M,2
DF,INSUFICIENCIA_RESPIRATORIA,VIA_PUBLICA,50 - 59,M,1
DF,PNEUMONIA,DOMICILIO,50 - 59,F,1
DF,PNEUMONIA,DOMICILIO,50 - 59,M,5
DF,PNEUMONIA,HOSPITAL,50 - 59,F,43
DF,PNEUMONIA,HOSPITAL,50 - 59,M,77
DF,PNEUMONIA,OUTRO,50 - 59,F,1
DF,PNEUMONIA,OUTRO,50 - 59,M,1
DF,PNEUMONIA,OUTROS_SERVICOS_SAUDE,50 - 59,F,2
DF,PNEUMONIA,OUTROS_SERVICOS_SAUDE,50 - 59,M,2
DF,SEPTICEMIA,DOMICILIO,50 - 59,M,2
DF,SEPTICEMIA,HOSPITAL,50 - 59,F,49
DF,SEPTICEMIA,HOSPITAL,50 - 59,M,53
DF,SEPTICEMIA,OUTROS_SERVICOS_SAUDE,50 - 59,F,1
DF,SEPTICEMIA,OUTROS_SERVICOS_SAUDE,50 - 59,M,1
DF,SRAG,HOSPITAL,50 - 59,F,4
DF,SRAG,HOSPITAL,50 - 59,M,1
MG,OUTRAS,DOMICILIO,50 - 59,F,375
MG,OUTRAS,DOMICILIO,50 - 59,M,801
MG,OUTRAS,HOSPITAL,50 - 59,F,934
MG,OUTRAS,HOSPITAL,50 - 59,,1
MG,OUTRAS,HOSPITAL,50 - 59,M,1302
MG,OUTRAS,IGNORADO,50 - 59,F,18
MG,OUTRAS,IGNORADO,50 - 59,M,47
MG,OUTRAS,OUTRO,50 - 59,F,31
MG,OUTRAS,OUTRO,50 - 59,M,105
MG,OUTRAS,OUTROS_SERVICOS_SAUDE,50 - 59,F,111
MG,OUTRAS,OUTROS_SERVICOS_SAUDE,50 - 59,M,193
MG,OUTRAS,VIA_PUBLICA,50 - 59,F,18
MG,OUTRAS,VIA_PUBLICA,50 - 59,M,75
MG,COVID,DOMICILIO,50 - 59,F,2
MG,COVID,DOMICILIO,50 - 59,M,2
MG,COVID,HOSPITAL,50 - 59,F,49
MG,COVID,HOSPITAL,50 - 59,M,111
MG,COVID,IGNORADO,50 - 59,F,1
MG,COVID,IGNORADO,50 - 59,M,1
MG,COVID,OUTRO,50 - 59,F,2
MG,COVID,OUTROS_SERVICOS_SAUDE,50 - 59,F,2
MG,COVID,OUTROS_SERVICOS_SAUDE,50 - 59,M,15
MG,INDETERMINADA,DOMICILIO,50 - 59,F,19
MG,INDETERMINADA,DOMICILIO,50 - 59,M,48
MG,INDETERMINADA,HOSPITAL,50 - 59,F,10
MG,INDETERMINADA,HOSPITAL,50 - 59,M,13
MG,INDETERMINADA,IGNORADO,50 - 59,F,1
MG,INDETERMINADA,IGNORADO,50 - 59,M,7
MG,INDETERMINADA,OUTRO,50 - 59,F,1
MG,INDETERMINADA,OUTRO,50 - 59,M,9
MG,INDETERMINADA,OUTROS_SERVICOS_SAUDE,50 - 59,F,1
MG,INDETERMINADA,OUTROS_SERVICOS_SAUDE,50 - 59,M,3
MG,INDETERMINADA,VIA_PUBLICA,50 - 59,M,2
MG,INSUFICIENCIA_RESPIRATORIA,DOMICILIO,50 - 59,F,33
MG,INSUFICIENCIA_RESPIRATORIA,DOMICILIO,50 - 59,M,35
MG,INSUFICIENCIA_RESPIRATORIA,HOSPITAL,50 - 59,F,178
MG,INSUFICIENCIA_RESPIRATORIA,HOSPITAL,50 - 59,M,203
MG,INSUFICIENCIA_RESPIRATORIA,IGNORADO,50 - 59,F,3
MG,INSUFICIENCIA_RESPIRATORIA,IGNORADO,50 - 59,M,8
MG,INSUFICIENCIA_RESPIRATORIA,OUTRO,50 - 59,F,1
MG,INSUFICIENCIA_RESPIRATORIA,OUTRO,50 - 59,M,3
MG,INSUFICIENCIA_RESPIRATORIA,OUTROS_SERVICOS_SAUDE,50 - 59,F,14
MG,INSUFICIENCIA_RESPIRATORIA,OUTROS_SERVICOS_SAUDE,50 - 59,M,27
MG,INSUFICIENCIA_RESPIRATORIA,VIA_PUBLICA,50 - 59,F,1
MG,INSUFICIENCIA_RESPIRATORIA,VIA_PUBLICA,50 - 59,M,6
MG,PNEUMONIA,DOMICILIO,50 - 59,F,7
MG,PNEUMONIA,DOMICILIO,50 - 59,M,10
MG,PNEUMONIA,HOSPITAL,50 - 59,F,223
MG,PNEUMONIA,HOSPITAL,50 - 59,M,349
MG,PNEUMONIA,IGNORADO,50 - 59,F,1
MG,PNEUMONIA,IGNORADO,50 - 59,M,19
MG,PNEUMONIA,OUTRO,50 - 59,F,1
MG,PNEUMONIA,OUTRO,50 - 59,M,3
MG,PNEUMONIA,OUTROS_SERVICOS_SAUDE,50 - 59,F,8
MG,PNEUMONIA,OUTROS_SERVICOS_SAUDE,50 - 59,M,26
MG,SEPTICEMIA,DOMICILIO,50 - 59,F,2
MG,SEPTICEMIA,DOMICILIO,50 - 59,M,3
MG,SEPTICEMIA,HOSPITAL,50 - 59,F,350
MG,SEPTICEMIA,HOSPITAL,50 - 59,M,461
MG,SEPTICEMIA,IGNORADO,50 - 59,F,13
MG,SEPTICEMIA,IGNORADO,50 - 59,M,13
MG,SEPTICEMIA,OUTRO,50 - 59,M,1
MG,SEPTICEMIA,OUTROS_SERVICOS_SAUDE,50 - 59,F,12
MG,SEPTICEMIA,OUTROS_SERVICOS_SAUDE,50 - 59,M,23
MG,SRAG,DOMICILIO,50 - 59,F,1
MG,SRAG,DOMICILIO,50 - 59,M,4
MG,SRAG,HOSPITAL,50 - 59,F,15
MG,SRAG,HOSPITAL,50 - 59,M,13
MG,SRAG,OUTROS_SERVICOS_SAUDE,50 - 59,F,3
MS,OUTRAS,DOMICILIO,50 - 59,F,36
MS,OUTRAS,DOMICILIO,50 - 59,M,119
MS,OUTRAS,HOSPITAL,50 - 59,F,132
MS,OUTRAS,HOSPITAL,50 - 59,M,197
MS,OUTRAS,OUTRO,50 - 59,F,6
MS,OUTRAS,OUTRO,50 - 59,M,18
MS,OUTRAS,OUTROS_SERVICOS_SAUDE,50 - 59,F,1
MS,OUTRAS,POSTO_SAUDE,50 - 59,F,5
MS,OUTRAS,POSTO_SAUDE,50 - 59,M,6
MS,OUTRAS,VIA_PUBLICA,50 - 59,F,6
MS,OUTRAS,VIA_PUBLICA,50 - 59,M,11
MS,COVID,HOSPITAL,50 - 59,F,7
MS,COVID,HOSPITAL,50 - 59,M,8
MS,COVID,POSTO_SAUDE,50 - 59,F,1
MS,COVID,VIA_PUBLICA,50 - 59,M,1
MS,INDETERMINADA,DOMICILIO,50 - 59,F,1
MS,INDETERMINADA,DOMICILIO,50 - 59,M,2
MS,INSUFICIENCIA_RESPIRATORIA,DOMICILIO,50 - 59,F,4
MS,INSUFICIENCIA_RESPIRATORIA,DOMICILIO,50 - 59,M,10
MS,INSUFICIENCIA_RESPIRATORIA,HOSPITAL,50 - 59,F,30
MS,INSUFICIENCIA_RESPIRATORIA,HOSPITAL,50 - 59,M,33
MS,INSUFICIENCIA_RESPIRATORIA,OUTRO,50 - 59,M,1
MS,INSUFICIENCIA_RESPIRATORIA,VIA_PUBLICA,50 - 59,M,1
MS,PNEUMONIA,DOMICILIO,50 - 59,F,1
MS,PNEUMONIA,DOMICILIO,50 - 59,M,2
MS,PNEUMONIA,HOSPITAL,50 - 59,F,40
MS,PNEUMONIA,HOSPITAL,50 - 59,M,78
MS,PNEUMONIA,OUTRO,50 - 59,M,1
MS,PNEUMONIA,POSTO_SAUDE,50 - 59,M,1
MS,SEPTICEMIA,DOMICILIO,50 - 59,M,1
MS,SEPTICEMIA,HOSPITAL,50 - 59,F,37
MS,SEPTICEMIA,HOSPITAL,50 - 59,M,53
MS,SEPTICEMIA,OUTRO,50 - 59,M,1
MS,SRAG,HOSPITAL,50 - 59,F,2
MS,SRAG,HOSPITAL,50 - 59,M,3
RJ,OUTRAS,DOMICILIO,50 - 59,F,350
RJ,OUTRAS,DOMICILIO,50 - 59,,1
RJ,OUTRAS,DOMICILIO,50 - 59,M,740
RJ,OUTRAS,HOSPITAL,50 - 59,F,1301
RJ,OUTRAS,HOSPITAL,50 - 59,M,1612
RJ,OUTRAS,IGNORADO,50 - 59,F,4
RJ,OUTRAS,IGNORADO,50 - 59,M,6
RJ,OUTRAS,OUTRO,50 - 59,F,18
RJ,OUTRAS,OUTRO,50 - 59,,1
RJ,OUTRAS,OUTRO,50 - 59,M,84
RJ,OUTRAS,OUTROS_SERVICOS_SAUDE,50 - 59,F,329
RJ,OUTRAS,OUTROS_SERVICOS_SAUDE,50 - 59,M,474
RJ,OUTRAS,VIA_PUBLICA,50 - 59,F,9
RJ,OUTRAS,VIA_PUBLICA,50 - 59,M,53
RJ,COVID,DOMICILIO,50 - 59,F,7
RJ,COVID,DOMICILIO,50 - 59,M,19
RJ,COVID,HOSPITAL,50 - 59,F,551
RJ,COVID,HOSPITAL,50 - 59,M,932
RJ,COVID,IGNORADO,50 - 59,M,1
RJ,COVID,OUTRO,50 - 59,F,1
RJ,COVID,OUTRO,50 - 59,M,3
RJ,COVID,OUTROS_SERVICOS_SAUDE,50 - 59,F,97
RJ,COVID,OUTROS_SERVICOS_SAUDE,50 - 59,M,137
RJ,COVID,VIA_PUBLICA,50 - 59,M,1
RJ,INDETERMINADA,DOMICILIO,50 - 59,F,11
RJ,INDETERMINADA,DOMICILIO,50 - 59,M,26
RJ,INDETERMINADA,HOSPITAL,50 - 59,F,15
RJ,INDETERMINADA,HOSPITAL,50 - 59,M,28
RJ,INDETERMINADA,OUTRO,50 - 59,F,2
RJ,INDETERMINADA,OUTRO,50 - 59,M,3
RJ,INDETERMINADA,OUTROS_SERVICOS_SAUDE,50 - 59,F,14
RJ,INDETERMINADA,OUTROS_SERVICOS_SAUDE,50 - 59,M,13
RJ,INDETERMINADA,VIA_PUBLICA,50 - 59,M,5
RJ,INSUFICIENCIA_RESPIRATORIA,DOMICILIO,50 - 59,F,28
RJ,INSUFICIENCIA_RESPIRATORIA,DOMICILIO,50 - 59,M,31
RJ,INSUFICIENCIA_RESPIRATORIA,HOSPITAL,50 - 59,F,256
RJ,INSUFICIENCIA_RESPIRATORIA,HOSPITAL,50 - 59,M,287
RJ,INSUFICIENCIA_RESPIRATORIA,IGNORADO,50 - 59,M,1
RJ,INSUFICIENCIA_RESPIRATORIA,OUTRO,50 - 59,F,1
RJ,INSUFICIENCIA_RESPIRATORIA,OUTRO,50 - 59,M,2
RJ,INSUFICIENCIA_RESPIRATORIA,OUTROS_SERVICOS_SAUDE,50 - 59,F,44
RJ,INSUFICIENCIA_RESPIRATORIA,OUTROS_SERVICOS_SAUDE,50 - 59,M,79
RJ,INSUFICIENCIA_RESPIRATORIA,VIA_PUBLICA,50 - 59,M,3
RJ,PNEUMONIA,DOMICILIO,50 - 59,F,9
RJ,PNEUMONIA,DOMICILIO,50 - 59,M,14
RJ,PNEUMONIA,HOSPITAL,50 - 59,F,354
RJ,PNEUMONIA,HOSPITAL,50 - 59,M,514
RJ,PNEUMONIA,IGNORADO,50 - 59,F,1
RJ,PNEUMONIA,OUTRO,50 - 59,F,2
RJ,PNEUMONIA,OUTRO,50 - 59,M,1
RJ,PNEUMONIA,OUTROS_SERVICOS_SAUDE,50 - 59,F,65
RJ,PNEUMONIA,OUTROS_SERVICOS_SAUDE,50 - 59,M,95
RJ,SEPTICEMIA,DOMICILIO,50 - 59,F,6
RJ,SEPTICEMIA,DOMICILIO,50 - 59,M,8
RJ,SEPTICEMIA,HOSPITAL,50 - 59,F,397
RJ,SEPTICEMIA,HOSPITAL,50 - 59,M,480
RJ,SEPTICEMIA,IGNORADO,50 - 59,F,2
RJ,SEPTICEMIA,IGNORADO,50 - 59,M,1
RJ,SEPTICEMIA,OUTRO,50 - 59,M,1
RJ,SEPTICEMIA,OUTROS_SERVICOS_SAUDE,50 - 59,F,41
RJ,SEPTICEMIA,OUTROS_SERVICOS_SAUDE,50 - 59,M,53
RJ,SRAG,DOMICILIO,50 - 59,F,2
RJ,SRAG,DOMICILIO,50 - 59,M,3
RJ,SRAG,HOSPITAL,50 - 59,F,37
RJ,SRAG,HOSPITAL,50 - 59,M,73
RJ,SRAG,OUTRO,50 - 59,M,1
RJ,SRAG,OUTROS_SERVICOS_SAUDE,50 - 59,F,11
RJ,SRAG,OUTROS_SERVICOS_SAUDE,50 - 59,M,18
DF,OUTRAS,DOMICILIO,60 - 69,F,51
DF,OUTRAS,DOMICILIO,60 - 69,M,75
DF,OUTRAS,HOSPITAL,60 - 69,F,188
DF,OUTRAS,HOSPITAL,60 - 69,M,266
DF,OUTRAS,OUTRO,60 - 69,F,6
DF,OUTRAS,OUTRO,60 - 69,M,18
DF,OUTRAS,OUTROS_SERVICOS_SAUDE,60 - 69,F,4
DF,OUTRAS,OUTROS_SERVICOS_SAUDE,60 - 69,M,11
DF,OUTRAS,VIA_PUBLICA,60 - 69,M,11
DF,COVID,DOMICILIO,60 - 69,F,3
DF,COVID,HOSPITAL,60 - 69,F,75
DF,COVID,HOSPITAL,60 - 69,M,108
DF,COVID,OUTRO,60 - 69,F,1
DF,COVID,OUTRO,60 - 69,M,2
DF,COVID,OUTROS_SERVICOS_SAUDE,60 - 69,M,3
DF,INDETERMINADA,DOMICILIO,60 - 69,M,1
DF,INDETERMINADA,HOSPITAL,60 - 69,F,1
DF,INDETERMINADA,HOSPITAL,60 - 69,M,3
DF,INSUFICIENCIA_RESPIRATORIA,DOMICILIO,60 - 69,F,5
DF,INSUFICIENCIA_RESPIRATORIA,DOMICILIO,60 - 69,M,12
DF,INSUFICIENCIA_RESPIRATORIA,HOSPITAL,60 - 69,F,28
DF,INSUFICIENCIA_RESPIRATORIA,HOSPITAL,60 - 69,M,45
DF,INSUFICIENCIA_RESPIRATORIA,OUTRO,60 - 69,F,3
DF,INSUFICIENCIA_RESPIRATORIA,OUTRO,60 - 69,M,2
DF,INSUFICIENCIA_RESPIRATORIA,OUTROS_SERVICOS_SAUDE,60 - 69,F,2
DF,INSUFICIENCIA_RESPIRATORIA,OUTROS_SERVICOS_SAUDE,60 - 69,M,7
DF,PNEUMONIA,DOMICILIO,60 - 69,F,4
DF,PNEUMONIA,DOMICILIO,60 - 69,M,4
DF,PNEUMONIA,HOSPITAL,60 - 69,F,83
DF,PNEUMONIA,HOSPITAL,60 - 69,M,111
DF,PNEUMONIA,OUTRO,60 - 69,M,5
DF,PNEUMONIA,OUTROS_SERVICOS_SAUDE,60 - 69,F,6
DF,PNEUMONIA,OUTROS_SERVICOS_SAUDE,60 - 69,M,4
DF,SEPTICEMIA,DOMICILIO,60 - 69,F,4
DF,SEPTICEMIA,DOMICILIO,60 - 69,M,5
DF,SEPTICEMIA,HOSPITAL,60 - 69,F,83
DF,SEPTICEMIA,HOSPITAL,60 - 69,M,105
DF,SEPTICEMIA,OUTRO,60 - 69,F,1
DF,SEPTICEMIA,OUTROS_SERVICOS_SAUDE,60 - 69,F,1
DF,SEPTICEMIA,OUTROS_SERVICOS_SAUDE,60 - 69,M,3
DF,SRAG,HOSPITAL,60 - 69,F,4
DF,SRAG,HOSPITAL,60 - 69,M,2
MG,OUTRAS,DOMICILIO,60 - 69,F,663
MG,OUTRAS,DOMICILIO,60 - 69,,1
MG,OUTRAS,DOMICILIO,60 - 69,M,1147
MG,OUTRAS,HOSPITAL,60 - 69,F,1415
MG,OUTRAS,HOSPITAL,60 - 69,M,2035
MG,OUTRAS,IGNORADO,60 - 69,F,53
MG,OUTRAS,IGNORADO,60 - 69,M,80
MG,OUTRAS,OUTRO,60 - 69,F,30
MG,OUTRAS,OUTRO,60 - 69,M,108
MG,OUTRAS,OUTROS_SERVICOS_SAUDE,60 - 69,F,152
MG,OUTRAS,OUTROS_SERVICOS_SAUDE,60 - 69,M,281
MG,OUTRAS,POSTO_SAUDE,60 - 69,M,1
MG,OUTRAS,VIA_PUBLICA,60 - 69,F,28
MG,OUTRAS,VIA_PUBLICA,60 - 69,M,87
MG,COVID,DOMICILIO,60 - 69,F,3
MG,COVID,DOMICILIO,60 - 69,M,5
MG,COVID,HOSPITAL,60 - 69,F,87
MG,COVID,HOSPITAL,60 - 69,M,160
MG,COVID,IGNORADO,60 - 69,F,2
MG,COVID,IGNORADO,60 - 69,M,1
MG,COVID,OUTRO,60 - 69,F,1
MG,COVID,OUTRO,60 - 69,M,2
MG,COVID,OUTROS_SERVICOS_SAUDE,60 - 69,F,4
MG,COVID,OUTROS_SERVICOS_SAUDE,60 - 69,M,19
MG,INDETERMINADA,DOMICILIO,60 - 69,F,18
MG,INDETERMINADA,DOMICILIO,60 - 69,M,55
MG,INDETERMINADA,HOSPITAL,60 - 69,F,7
MG,INDETERMINADA,HOSPITAL,60 - 69,M,17
MG,INDETERMINADA,IGNORADO,60 - 69,F,2
MG,INDETERMINADA,IGNORADO,60 - 69,M,1
MG,INDETERMINADA,OUTRO,60 - 69,F,2
MG,INDETERMINADA,OUTRO,60 - 69,M,7
MG,INDETERMINADA,OUTROS_SERVICOS_SAUDE,60 - 69,F,3
MG,INDETERMINADA,OUTROS_SERVICOS_SAUDE,60 - 69,M,8
MG,INDETERMINADA,VIA_PUBLICA,60 - 69,F,1
MG,INDETERMINADA,VIA_PUBLICA,60 - 69,M,9
MG,INSUFICIENCIA_RESPIRATORIA,DOMICILIO,60 - 69,F,49
MG,INSUFICIENCIA_RESPIRATORIA,DOMICILIO,60 - 69,M,60
MG,INSUFICIENCIA_RESPIRATORIA,HOSPITAL,60 - 69,F,265
MG,INSUFICIENCIA_RESPIRATORIA,HOSPITAL,60 - 69,M,376
MG,INSUFICIENCIA_RESPIRATORIA,IGNORADO,60 - 69,F,6
MG,INSUFICIENCIA_RESPIRATORIA,IGNORADO,60 - 69,M,12
MG,INSUFICIENCIA_RESPIRATORIA,OUTRO,60 - 69,F,4
MG,INSUFICIENCIA_RESPIRATORIA,OUTRO,60 - 69,M,2
MG,INSUFICIENCIA_RESPIRATORIA,OUTROS_SERVICOS_SAUDE,60 - 69,F,27
MG,INSUFICIENCIA_RESPIRATORIA,OUTROS_SERVICOS_SAUDE,60 - 69,M,41
MG,INSUFICIENCIA_RESPIRATORIA,VIA_PUBLICA,60 - 69,M,1
MG,PNEUMONIA,DOMICILIO,60 - 69,F,17
MG,PNEUMONIA,DOMICILIO,60 - 69,M,27
MG,PNEUMONIA,HOSPITAL,60 - 69,F,424
MG,PNEUMONIA,HOSPITAL,60 - 69,M,674
MG,PNEUMONIA,IGNORADO,60 - 69,F,11
MG,PNEUMONIA,IGNORADO,60 - 69,,1
MG,PNEUMONIA,IGNORADO,60 - 69,M,16
MG,PNEUMONIA,OUTRO,60 - 69,F,3
MG,PNEUMONIA,OUTRO,60 - 69,M,4
MG,PNEUMONIA,OUTROS_SERVICOS_SAUDE,60 - 69,F,22
MG,PNEUMONIA,OUTROS_SERVICOS_SAUDE,60 - 69,M,37
MG,PNEUMONIA,VIA_PUBLICA,60 - 69,M,1
MG,SEPTICEMIA,DOMICILIO,60 - 69,F,7
MG,SEPTICEMIA,DOMICILIO,60 - 69,M,12
MG,SEPTICEMIA,HOSPITAL,60 - 69,F,685
MG,SEPTICEMIA,HOSPITAL,60 - 69,M,726
MG,SEPTICEMIA,IGNORADO,60 - 69,F,13
MG,SEPTICEMIA,IGNORADO,60 - 69,M,17
MG,SEPTICEMIA,OUTRO,60 - 69,F,1
MG,SEPTICEMIA,OUTRO,60 - 69,M,3
MG,SEPTICEMIA,OUTROS_SERVICOS_SAUDE,60 - 69,F,36
MG,SEPTICEMIA,OUTROS_SERVICOS_SAUDE,60 - 69,M,39
MG,SEPTICEMIA,VIA_PUBLICA,60 - 69,M,1
MG,SRAG,DOMICILIO,60 - 69,F,4
MG,SRAG,DOMICILIO,60 - 69,M,7
MG,SRAG,HOSPITAL,60 - 69,F,11
MG,SRAG,HOSPITAL,60 - 69,M,23
MG,SRAG,IGNORADO,60 - 69,F,3
MG,SRAG,OUTRO,60 - 69,M,1
MG,SRAG,OUTROS_SERVICOS_SAUDE,60 - 69,F,2
MG,SRAG,OUTROS_SERVICOS_SAUDE,60 - 69,M,5
MS,OUTRAS,DOMICILIO,60 - 69,F,68
MS,OUTRAS,DOMICILIO,60 - 69,M,137
MS,OUTRAS,HOSPITAL,60 - 69,F,180
MS,OUTRAS,HOSPITAL,60 - 69,M,310
MS,OUTRAS,OUTRO,60 - 69,F,2
MS,OUTRAS,OUTRO,60 - 69,M,15
MS,OUTRAS,POSTO_SAUDE,60 - 69,F,4
MS,OUTRAS,POSTO_SAUDE,60 - 69,M,3
MS,OUTRAS,VIA_PUBLICA,60 - 69,F,2
MS,OUTRAS,VIA_PUBLICA,60 - 69,M,16
MS,COVID,DOMICILIO,60 - 69,M,2
MS,COVID,HOSPITAL,60 - 69,F,13
MS,COVID,HOSPITAL,60 - 69,M,17
MS,INDETERMINADA,DOMICILIO,60 - 69,F,3
MS,INDETERMINADA,VIA_PUBLICA,60 - 69,M,1
MS,INSUFICIENCIA_RESPIRATORIA,DOMICILIO,60 - 69,F,5
MS,INSUFICIENCIA_RESPIRATORIA,DOMICILIO,60 - 69,M,11
MS,INSUFICIENCIA_RESPIRATORIA,HOSPITAL,60 - 69,F,45
MS,INSUFICIENCIA_RESPIRATORIA,HOSPITAL,60 - 69,M,75
MS,INSUFICIENCIA_RESPIRATORIA,OUTRO,60 - 69,M,3
MS,INSUFICIENCIA_RESPIRATORIA,POSTO_SAUDE,60 - 69,F,1
MS,INSUFICIENCIA_RESPIRATORIA,VIA_PUBLICA,60 - 69,F,1
MS,PNEUMONIA,DOMICILIO,60 - 69,F,5
MS,PNEUMONIA,DOMICILIO,60 - 69,M,1
MS,PNEUMONIA,HOSPITAL,60 - 69,F,80
MS,PNEUMONIA,HOSPITAL,60 - 69,M,147
MS,PNEUMONIA,POSTO_SAUDE,60 - 69,F,1
MS,PNEUMONIA,POSTO_SAUDE,60 - 69,M,1
MS,SEPTICEMIA,HOSPITAL,60 - 69,F,65
MS,SEPTICEMIA,HOSPITAL,60 - 69,M,102
MS,SEPTICEMIA,OUTRO,60 - 69,M,1
MS,SEPTICEMIA,POSTO_SAUDE,60 - 69,F,1
MS,SRAG,HOSPITAL,60 - 69,F,1
MS,SRAG,HOSPITAL,60 - 69,M,7
RJ,OUTRAS,DOMICILIO,60 - 69,F,697
RJ,OUTRAS,DOMICILIO,60 - 69,M,1251
RJ,OUTRAS,HOSPITAL,60 - 69,F,2118
RJ,OUTRAS,HOSPITAL,60 - 69,,1
RJ,OUTRAS,HOSPITAL,60 - 69,M,2652
RJ,OUTRAS,IGNORADO,60 - 69,F,4
RJ,OUTRAS,IGNORADO,60 - 69,M,12
RJ,OUTRAS,OUTRO,60 - 69,F,28
RJ,OUTRAS,OUTRO,60 - 69,M,102
RJ,OUTRAS,OUTROS_SERVICOS_SAUDE,60 - 69,F,555
RJ,OUTRAS,OUTROS_SERVICOS_SAUDE,60 - 69,M,719
RJ,OUTRAS,VIA_PUBLICA,60 - 69,F,12
RJ,OUTRAS,VIA_PUBLICA,60 - 69,M,64
RJ,COVID,DOMICILIO,60 - 69,F,14
RJ,COVID,DOMICILIO,60 - 69,M,24
RJ,COVID,HOSPITAL,60 - 69,F,1049
RJ,COVID,HOSPITAL,60 - 69,M,1567
RJ,COVID,IGNORADO,60 - 69,F,2
RJ,COVID,IGNORADO,60 - 69,M,1
RJ,COVID,OUTRO,60 - 69,F,2
RJ,COVID,OUTRO,60 - 69,M,5
RJ,COVID,OUTROS_SERVICOS_SAUDE,60 - 69,F,152
RJ,COVID,OUTROS_SERVICOS_SAUDE,60 - 69,M,221
RJ,COVID,VIA_PUBLICA,60 - 69,F,1
RJ,INDETERMINADA,DOMICILIO,60 - 69,F,20
RJ,INDETERMINADA,DOMICILIO,60 - 69,M,35
RJ,INDETERMINADA,HOSPITAL,60 - 69,F,44
RJ,INDETERMINADA,HOSPITAL,60 - 69,M,43
RJ,INDETERMINADA,OUTRO,60 - 69,F,3
RJ,INDETERMINADA,OUTRO,60 - 69,M,2
RJ,INDETERMINADA,OUTROS_SERVICOS_SAUDE,60 - 69,F,24
RJ,INDETERMINADA,OUTROS_SERVICOS_SAUDE,60 - 69,M,24
RJ,INDETERMINADA,VIA_PUBLICA,60 - 69,M,1
RJ,INSUFICIENCIA_RESPIRATORIA,DOMICILIO,60 - 69,F,52
RJ,INSUFICIENCIA_RESPIRATORIA,DOMICILIO,60 - 69,M,62
RJ,INSUFICIENCIA_RESPIRATORIA,HOSPITAL,60 - 69,F,448
RJ,INSUFICIENCIA_RESPIRATORIA,HOSPITAL,60 - 69,M,472
RJ,INSUFICIENCIA_RESPIRATORIA,OUTRO,60 - 69,F,2
RJ,INSUFICIENCIA_RESPIRATORIA,OUTRO,60 - 69,M,3
RJ,INSUFICIENCIA_RESPIRATORIA,OUTROS_SERVICOS_SAUDE,60 - 69,F,116
RJ,INSUFICIENCIA_RESPIRATORIA,OUTROS_SERVICOS_SAUDE,60 - 69,M,134
RJ,INSUFICIENCIA_RESPIRATORIA,VIA_PUBLICA,60 - 69,F,1
RJ,PNEUMONIA,DOMICILIO,60 - 69,F,13
RJ,PNEUMONIA,DOMICILIO,60 - 69,M,42
RJ,PNEUMONIA,HOSPITAL,60 - 69,F,732
RJ,PNEUMONIA,HOSPITAL,60 - 69,M,998
RJ,PNEUMONIA,IGNORADO,60 - 69,M,2
RJ,PNEUMONIA,OUTRO,60 - 69,F,5
RJ,PNEUMONIA,OUTRO,60 - 69,M,5
RJ,PNEUMONIA,OUTROS_SERVICOS_SAUDE,60 - 69,F,112
RJ,PNEUMONIA,OUTROS_SERVICOS_SAUDE,60 - 69,M,183
RJ,SEPTICEMIA,DOMICILIO,60 - 69,F,6
RJ,SEPTICEMIA,DOMICILIO,60 - 69,M,15
RJ,SEPTICEMIA,HOSPITAL,60 - 69,F,786
RJ,SEPTICEMIA,HOSPITAL,60 - 69,M,970
RJ,SEPTICEMIA,IGNORADO,60 - 69,F,1
RJ,SEPTICEMIA,IGNORADO,60 - 69,M,1
RJ,SEPTICEMIA,OUTRO,60 - 69,F,1
RJ,SEPTICEMIA,OUTRO,60 - 69,M,4
RJ,SEPTICEMIA,OUTROS_SERVICOS_SAUDE,60 - 69,F,96
RJ,SEPTICEMIA,OUTROS_SERVICOS_SAUDE,60 - 69,,1
RJ,SEPTICEMIA,OUTROS_SERVICOS_SAUDE,60 - 69,M,119
RJ,SRAG,DOMICILIO,60 - 69,F,2
RJ,SRAG,DOMICILIO,60 - 69,M,3
RJ,SRAG,HOSPITAL,60 - 69,F,88
RJ,SRAG,HOSPITAL,60 - 69,M,121
RJ,SRAG,IGNORADO,60 - 69,F,2
RJ,SRAG,OUTRO,60 - 69,M,1
RJ,SRAG,OUTROS_SERVICOS_SAUDE,60 - 69,F,13
RJ,SRAG,OUTROS_SERVICOS_SAUDE,60 - 69,M,31
DF,OUTRAS,DOMICILIO,70 - 79,F,77
DF,OUTRAS,DOMICILIO,70 - 79,M,86
DF,OUTRAS,HOSPITAL,70 - 79,F,236
DF,OUTRAS,HOSPITAL,70 - 79,M,253
DF,OUTRAS,OUTRO,70 - 79,F,15
DF,OUTRAS,OUTRO,70 - 79,M,20
DF,OUTRAS,OUTROS_SERVICOS_SAUDE,70 - 79,F,6
DF,OUTRAS,OUTROS_SERVICOS_SAUDE,70 - 79,M,6
DF,OUTRAS,VIA_PUBLICA,70 - 79,F,1
DF,OUTRAS,VIA_PUBLICA,70 - 79,M,3
DF,COVID,DOMICILIO,70 - 79,F,3
DF,COVID,DOMICILIO,70 - 79,M,2
DF,COVID,HOSPITAL,70 - 79,F,74
DF,COVID,HOSPITAL,70 - 79,M,121
DF,COVID,OUTRO,70 - 79,F,2
DF,COVID,OUTRO,70 - 79,M,1
DF,COVID,OUTROS_SERVICOS_SAUDE,70 - 79,M,3
DF,INDETERMINADA,DOMICILIO,70 - 79,F,2
DF,INDETERMINADA,DOMICILIO,70 - 79,M,2
DF,INDETERMINADA,HOSPITAL,70 - 79,F,3
DF,INDETERMINADA,HOSPITAL,70 - 79,M,3
DF,INSUFICIENCIA_RESPIRATORIA,DOMICILIO,70 - 79,F,9
DF,INSUFICIENCIA_RESPIRATORIA,DOMICILIO,70 - 79,M,9
DF,INSUFICIENCIA_RESPIRATORIA,HOSPITAL,70 - 79,F,38
DF,INSUFICIENCIA_RESPIRATORIA,HOSPITAL,70 - 79,M,31
DF,INSUFICIENCIA_RESPIRATORIA,OUTRO,70 - 79,M,1
DF,INSUFICIENCIA_RESPIRATORIA,OUTROS_SERVICOS_SAUDE,70 - 79,F,2
DF,INSUFICIENCIA_RESPIRATORIA,OUTROS_SERVICOS_SAUDE,70 - 79,M,2
DF,PNEUMONIA,DOMICILIO,70 - 79,F,3
DF,PNEUMONIA,DOMICILIO,70 - 79,M,6
DF,PNEUMONIA,HOSPITAL,70 - 79,F,158
DF,PNEUMONIA,HOSPITAL,70 - 79,M,147
DF,PNEUMONIA,OUTRO,70 - 79,F,1
DF,PNEUMONIA,OUTRO,70 - 79,M,4
DF,PNEUMONIA,OUTROS_SERVICOS_SAUDE,70 - 79,F,9
DF,PNEUMONIA,OUTROS_SERVICOS_SAUDE,70 - 79,M,6
DF,SEPTICEMIA,DOMICILIO,70 - 79,F,2
DF,SEPTICEMIA,DOMICILIO,70 - 79,M,9
DF,SEPTICEMIA,HOSPITAL,70 - 79,F,108
DF,SEPTICEMIA,HOSPITAL,70 - 79,M,107
DF,SEPTICEMIA,OUTRO,70 - 79,F,6
DF,SEPTICEMIA,OUTRO,70 - 79,M,2
DF,SEPTICEMIA,OUTROS_SERVICOS_SAUDE,70 - 79,F,7
DF,SEPTICEMIA,OUTROS_SERVICOS_SAUDE,70 - 79,M,4
DF,SRAG,HOSPITAL,70 - 79,F,4
DF,SRAG,HOSPITAL,70 - 79,M,2
MG,OUTRAS,DOMICILIO,70 - 79,F,864
MG,OUTRAS,DOMICILIO,70 - 79,M,1155
MG,OUTRAS,HOSPITAL,70 - 79,F,1677
MG,OUTRAS,HOSPITAL,70 - 79,M,1941
MG,OUTRAS,IGNORADO,70 - 79,F,81
MG,OUTRAS,IGNORADO,70 - 79,M,78
MG,OUTRAS,OUTRO,70 - 79,F,51
MG,OUTRAS,OUTRO,70 - 79,M,96
MG,OUTRAS,OUTROS_SERVICOS_SAUDE,70 - 79,F,210
MG,OUTRAS,OUTROS_SERVICOS_SAUDE,70 - 79,M,235
MG,OUTRAS,VIA_PUBLICA,70 - 79,F,14
MG,OUTRAS,VIA_PUBLICA,70 - 79,M,37
MG,COVID,DOMICILIO,70 - 79,F,7
MG,COVID,DOMICILIO,70 - 79,M,11
MG,COVID,HOSPITAL,70 - 79,F,159
MG,COVID,HOSPITAL,70 - 79,M,167
MG,COVID,IGNORADO,70 - 79,F,2
MG,COVID,IGNORADO,70 - 79,M,4
MG,COVID,OUTRO,70 - 79,F,2
MG,COVID,OUTRO,70 - 79,M,3
MG,COVID,OUTROS_SERVICOS_SAUDE,70 - 79,F,14
MG,COVID,OUTROS_SERVICOS_SAUDE,70 - 79,M,10
MG,INDETERMINADA,DOMICILIO,70 - 79,F,32
MG,INDETERMINADA,DOMICILIO,70 - 79,M,51
MG,INDETERMINADA,HOSPITAL,70 - 79,F,20
MG,INDETERMINADA,HOSPITAL,70 - 79,M,20
MG,INDETERMINADA,IGNORADO,70 - 79,F,7
MG,INDETERMINADA,IGNORADO,70 - 79,M,7
MG,INDETERMINADA,OUTRO,70 - 79,F,2
MG,INDETERMINADA,OUTRO,70 - 79,M,5
MG,INDETERMINADA,OUTROS_SERVICOS_SAUDE,70 - 79,F,3
MG,INDETERMINADA,OUTROS_SERVICOS_SAUDE,70 - 79,M,5
MG,INDETERMINADA,VIA_PUBLICA,70 - 79,F,1
MG,INDETERMINADA,VIA_PUBLICA,70 - 79,M,3
MG,INSUFICIENCIA_RESPIRATORIA,DOMICILIO,70 - 79,F,62
MG,INSUFICIENCIA_RESPIRATORIA,DOMICILIO,70 - 79,M,89
MG,INSUFICIENCIA_RESPIRATORIA,HOSPITAL,70 - 79,F,345
MG,INSUFICIENCIA_RESPIRATORIA,HOSPITAL,70 - 79,M,439
MG,INSUFICIENCIA_RESPIRATORIA,IGNORADO,70 - 79,F,9
MG,INSUFICIENCIA_RESPIRATORIA,IGNORADO,70 - 79,M,8
MG,INSUFICIENCIA_RESPIRATORIA,OUTRO,70 - 79,F,2
MG,INSUFICIENCIA_RESPIRATORIA,OUTRO,70 - 79,M,10
MG,INSUFICIENCIA_RESPIRATORIA,OUTROS_SERVICOS_SAUDE,70 - 79,F,34
MG,INSUFICIENCIA_RESPIRATORIA,OUTROS_SERVICOS_SAUDE,70 - 79,M,53
MG,INSUFICIENCIA_RESPIRATORIA,VIA_PUBLICA,70 - 79,F,1
MG,INSUFICIENCIA_RESPIRATORIA,VIA_PUBLICA,70 - 79,M,1
MG,PNEUMONIA,DOMICILIO,70 - 79,F,33
MG,PNEUMONIA,DOMICILIO,70 - 79,M,44
MG,PNEUMONIA,HOSPITAL,70 - 79,F,740
MG,PNEUMONIA,HOSPITAL,70 - 79,M,975
MG,PNEUMONIA,IGNORADO,70 - 79,F,19
MG,PNEUMONIA,IGNORADO,70 - 79,M,15
MG,PNEUMONIA,OUTRO,70 - 79,F,2
MG,PNEUMONIA,OUTRO,70 - 79,M,8
MG,PNEUMONIA,OUTROS_SERVICOS_SAUDE,70 - 79,F,47
MG,PNEUMONIA,OUTROS_SERVICOS_SAUDE,70 - 79,M,42
MG,PNEUMONIA,VIA_PUBLICA,70 - 79,F,2
MG,SEPTICEMIA,DOMICILIO,70 - 79,F,19
MG,SEPTICEMIA,DOMICILIO,70 - 79,M,18
MG,SEPTICEMIA,HOSPITAL,70 - 79,F,889
MG,SEPTICEMIA,HOSPITAL,70 - 79,M,857
MG,SEPTICEMIA,IGNORADO,70 - 79,F,15
MG,SEPTICEMIA,IGNORADO,70 - 79,M,14
MG,SEPTICEMIA,OUTRO,70 - 79,F,4
MG,SEPTICEMIA,OUTRO,70 - 79,M,4
MG,SEPTICEMIA,OUTROS_SERVICOS_SAUDE,70 - 79,F,47
MG,SEPTICEMIA,OUTROS_SERVICOS_SAUDE,70 - 79,M,60
MG,SEPTICEMIA,VIA_PUBLICA,70 - 79,F,1
MG,SRAG,DOMICILIO,70 - 79,F,3
MG,SRAG,DOMICILIO,70 - 79,M,3
MG,SRAG,HOSPITAL,70 - 79,F,29
MG,SRAG,HOSPITAL,70 - 79,M,27
MG,SRAG,IGNORADO,70 - 79,F,1
MG,SRAG,OUTROS_SERVICOS_SAUDE,70 - 79,F,1
MG,SRAG,OUTROS_SERVICOS_SAUDE,70 - 79,M,5
MS,OUTRAS,DOMICILIO,70 - 79,F,99
MS,OUTRAS,DOMICILIO,70 - 79,M,159
MS,OUTRAS,HOSPITAL,70 - 79,F,238
MS,OUTRAS,HOSPITAL,70 - 79,M,314
MS,OUTRAS,OUTRO,70 - 79,F,4
MS,OUTRAS,OUTRO,70 - 79,M,16
MS,OUTRAS,POSTO_SAUDE,70 - 79,F,8
MS,OUTRAS,POSTO_SAUDE,70 - 79,M,3
MS,OUTRAS,VIA_PUBLICA,70 - 79,F,3
MS,OUTRAS,VIA_PUBLICA,70 - 79,M,7
MS,COVID,DOMICILIO,70 - 79,M,1
MS,COVID,HOSPITAL,70 - 79,F,13
MS,COVID,HOSPITAL,70 - 79,M,18
MS,COVID,OUTRO,70 - 79,F,1
MS,COVID,OUTRO,70 - 79,M,1
MS,INDETERMINADA,DOMICILIO,70 - 79,F,1
MS,INDETERMINADA,DOMICILIO,70 - 79,M,1
MS,INDETERMINADA,HOSPITAL,70 - 79,F,1
MS,INSUFICIENCIA_RESPIRATORIA,DOMICILIO,70 - 79,F,12
MS,INSUFICIENCIA_RESPIRATORIA,DOMICILIO,70 - 79,M,12
MS,INSUFICIENCIA_RESPIRATORIA,HOSPITAL,70 - 79,F,56
MS,INSUFICIENCIA_RESPIRATORIA,HOSPITAL,70 - 79,M,52
MS,PNEUMONIA,DOMICILIO,70 - 79,F,11
MS,PNEUMONIA,DOMICILIO,70 - 79,M,10
MS,PNEUMONIA,HOSPITAL,70 - 79,F,135
MS,PNEUMONIA,HOSPITAL,70 - 79,M,194
MS,PNEUMONIA,OUTRO,70 - 79,F,1
MS,SEPTICEMIA,DOMICILIO,70 - 79,F,2
MS,SEPTICEMIA,DOMICILIO,70 - 79,M,4
MS,SEPTICEMIA,HOSPITAL,70 - 79,F,101
MS,SEPTICEMIA,HOSPITAL,70 - 79,M,95
MS,SEPTICEMIA,OUTRO,70 - 79,M,1
MS,SEPTICEMIA,POSTO_SAUDE,70 - 79,F,1
MS,SEPTICEMIA,VIA_PUBLICA,70 - 79,F,1
MS,SRAG,HOSPITAL,70 - 79,F,1
MS,SRAG,HOSPITAL,70 - 79,M,5
RJ,OUTRAS,DOMICILIO,70 - 79,F,943
RJ,OUTRAS,DOMICILIO,70 - 79,M,1289
RJ,OUTRAS,HOSPITAL,70 - 79,F,2297
RJ,OUTRAS,HOSPITAL,70 - 79,M,2585
RJ,OUTRAS,IGNORADO,70 - 79,F,8
RJ,OUTRAS,IGNORADO,70 - 79,M,8
RJ,OUTRAS,OUTRO,70 - 79,F,45
RJ,OUTRAS,OUTRO,70 - 79,M,62
RJ,OUTRAS,OUTROS_SERVICOS_SAUDE,70 - 79,F,642
RJ,OUTRAS,OUTROS_SERVICOS_SAUDE,70 - 79,M,644
RJ,OUTRAS,VIA_PUBLICA,70 - 79,F,12
RJ,OUTRAS,VIA_PUBLICA,70 - 79,M,28
RJ,COVID,DOMICILIO,70 - 79,F,8
RJ,COVID,DOMICILIO,70 - 79,M,16
RJ,COVID,HOSPITAL,70 - 79,F,1226
RJ,COVID,HOSPITAL,70 - 79,M,1700
RJ,COVID,IGNORADO,70 - 79,F,3
RJ,COVID,IGNORADO,70 - 79,M,1
RJ,COVID,OUTRO,70 - 79,F,2
RJ,COVID,OUTRO,70 - 79,M,5
RJ,COVID,OUTROS_SERVICOS_SAUDE,70 - 79,F,176
RJ,COVID,OUTROS_SERVICOS_SAUDE,70 - 79,M,237
RJ,INDETERMINADA,DOMICILIO,70 - 79,F,29
RJ,INDETERMINADA,DOMICILIO,70 - 79,M,51
RJ,INDETERMINADA,HOSPITAL,70 - 79,F,36
RJ,INDETERMINADA,HOSPITAL,70 - 79,M,43
RJ,INDETERMINADA,OUTRO,70 - 79,F,3
RJ,INDETERMINADA,OUTRO,70 - 79,M,1
RJ,INDETERMINADA,OUTROS_SERVICOS_SAUDE,70 - 79,F,21
RJ,INDETERMINADA,OUTROS_SERVICOS_SAUDE,70 - 79,M,25
RJ,INDETERMINADA,VIA_PUBLICA,70 - 79,M,1
RJ,INSUFICIENCIA_RESPIRATORIA,DOMICILIO,70 - 79,F,72
RJ,INSUFICIENCIA_RESPIRATORIA,DOMICILIO,70 - 79,M,92
RJ,INSUFICIENCIA_RESPIRATORIA,HOSPITAL,70 - 79,F,441
RJ,INSUFICIENCIA_RESPIRATORIA,HOSPITAL,70 - 79,M,472
RJ,INSUFICIENCIA_RESPIRATORIA,IGNORADO,70 - 79,F,1
RJ,INSUFICIENCIA_RESPIRATORIA,OUTRO,70 - 79,F,1
RJ,INSUFICIENCIA_RESPIRATORIA,OUTRO,70 - 79,M,7
RJ,INSUFICIENCIA_RESPIRATORIA,OUTROS_SERVICOS_SAUDE,70 - 79,F,96
RJ,INSUFICIENCIA_RESPIRATORIA,OUTROS_SERVICOS_SAUDE,70 - 79,M,125
RJ,INSUFICIENCIA_RESPIRATORIA,VIA_PUBLICA,70 - 79,M,1
RJ,PNEUMONIA,DOMICILIO,70 - 79,F,29
RJ,PNEUMONIA,DOMICILIO,70 - 79,M,52
RJ,PNEUMONIA,HOSPITAL,70 - 79,F,1102
RJ,PNEUMONIA,HOSPITAL,70 - 79,M,1357
RJ,PNEUMONIA,IGNORADO,70 - 79,F,1
RJ,PNEUMONIA,IGNORADO,70 - 79,M,2
RJ,PNEUMONIA,OUTRO,70 - 79,F,5
RJ,PNEUMONIA,OUTRO,70 - 79,M,7
RJ,PNEUMONIA,OUTROS_SERVICOS_SAUDE,70 - 79,F,181
RJ,PNEUMONIA,OUTROS_SERVICOS_SAUDE,70 - 79,M,235
RJ,PNEUMONIA,VIA_PUBLICA,70 - 79,M,1
RJ,SEPTICEMIA,DOMICILIO,70 - 79,F,24
RJ,SEPTICEMIA,DOMICILIO,70 - 79,M,12
RJ,SEPTICEMIA,HOSPITAL,70 - 79,F,1157
RJ,SEPTICEMIA,HOSPITAL,70 - 79,M,1041
RJ,SEPTICEMIA,IGNORADO,70 - 79,M,1
RJ,SEPTICEMIA,OUTRO,70 - 79,F,4
RJ,SEPTICEMIA,OUTRO,70 - 79,M,4
RJ,SEPTICEMIA,OUTROS_SERVICOS_SAUDE,70 - 79,F,132
RJ,SEPTICEMIA,OUTROS_SERVICOS_SAUDE,70 - 79,M,148
RJ,SRAG,DOMICILIO,70 - 79,F,4
RJ,SRAG,DOMICILIO,70 - 79,M,3
RJ,SRAG,HOSPITAL,70 - 79,F,89
RJ,SRAG,HOSPITAL,70 - 79,M,125
RJ,SRAG,OUTRO,70 - 79,M,1
RJ,SRAG,OUTROS_SERVICOS_SAUDE,70 - 79,F,29
RJ,SRAG,OUTROS_SERVICOS_SAUDE,70 - 79,M,33
DF,OUTRAS,DOMICILIO,80 - 89,F,84
DF,OUTRAS,DOMICILIO,80 - 89,M,67
DF,OUTRAS,HOSPITAL,80 - 89,F,229
DF,OUTRAS,HOSPITAL,80 - 89,M,203
DF,OUTRAS,OUTRO,80 - 89,F,6
DF,OUTRAS,OUTRO,80 - 89,M,9
DF,OUTRAS,OUTROS_SERVICOS_SAUDE,80 - 89,F,10
DF,OUTRAS,OUTROS_SERVICOS_SAUDE,80 - 89,,1
DF,OUTRAS,OUTROS_SERVICOS_SAUDE,80 - 89,M,8
DF,OUTRAS,VIA_PUBLICA,80 - 89,F,1
DF,OUTRAS,VIA_PUBLICA,80 - 89,M,1
DF,COVID,DOMICILIO,80 - 89,F,3
DF,COVID,DOMICILIO,80 - 89,M,4
DF,COVID,HOSPITAL,80 - 89,F,85
DF,COVID,HOSPITAL,80 - 89,M,97
DF,COVID,OUTRO,80 - 89,F,2
DF,COVID,OUTRO,80 - 89,M,1
DF,COVID,OUTROS_SERVICOS_SAUDE,80 - 89,F,3
DF,COVID,OUTROS_SERVICOS_SAUDE,80 - 89,M,7
DF,INDETERMINADA,HOSPITAL,80 - 89,F,2
DF,INSUFICIENCIA_RESPIRATORIA,DOMICILIO,80 - 89,F,3
DF,INSUFICIENCIA_RESPIRATORIA,DOMICILIO,80 - 89,M,8
DF,INSUFICIENCIA_RESPIRATORIA,HOSPITAL,80 - 89,F,33
DF,INSUFICIENCIA_RESPIRATORIA,HOSPITAL,80 - 89,M,27
DF,INSUFICIENCIA_RESPIRATORIA,OUTROS_SERVICOS_SAUDE,80 - 89,F,1
DF,INSUFICIENCIA_RESPIRATORIA,OUTROS_SERVICOS_SAUDE,80 - 89,M,2
DF,PNEUMONIA,DOMICILIO,80 - 89,F,10
DF,PNEUMONIA,DOMICILIO,80 - 89,M,9
DF,PNEUMONIA,HOSPITAL,80 - 89,F,199
DF,PNEUMONIA,HOSPITAL,80 - 89,M,175
DF,PNEUMONIA,OUTRO,80 - 89,F,3
DF,PNEUMONIA,OUTRO,80 - 89,M,5
DF,PNEUMONIA,OUTROS_SERVICOS_SAUDE,80 - 89,F,15
DF,PNEUMONIA,OUTROS_SERVICOS_SAUDE,80 - 89,M,14
DF,SEPTICEMIA,DOMICILIO,80 - 89,F,6
DF,SEPTICEMIA,DOMICILIO,80 - 89,M,7
DF,SEPTICEMIA,HOSPITAL,80 - 89,F,113
DF,SEPTICEMIA,HOSPITAL,80 - 89,M,94
DF,SEPTICEMIA,OUTRO,80 - 89,F,3
DF,SEPTICEMIA,OUTRO,80 - 89,M,2
DF,SEPTICEMIA,OUTROS_SERVICOS_SAUDE,80 - 89,F,2
DF,SEPTICEMIA,OUTROS_SERVICOS_SAUDE,80 - 89,M,4
DF,SRAG,HOSPITAL,80 - 89,F,3
DF,SRAG,HOSPITAL,80 - 89,M,3
DF,SRAG,OUTRO,80 - 89,F,1
MG,OUTRAS,DOMICILIO,80 - 89,F,1215
MG,OUTRAS,DOMICILIO,80 - 89,M,1149
MG,OUTRAS,HOSPITAL,80 - 89,F,1758
MG,OUTRAS,HOSPITAL,80 - 89,,1
MG,OUTRAS,HOSPITAL,80 - 89,M,1485
MG,OUTRAS,IGNORADO,80 - 89,F,70
MG,OUTRAS,IGNORADO,80 - 89,M,78
MG,OUTRAS,OUTRO,80 - 89,F,77
MG,OUTRAS,OUTRO,80 - 89,M,61
MG,OUTRAS,OUTROS_SERVICOS_SAUDE,80 - 89,F,244
MG,OUTRAS,OUTROS_SERVICOS_SAUDE,80 - 89,M,181
MG,OUTRAS,POSTO_SAUDE,80 - 89,F,1
MG,OUTRAS,VIA_PUBLICA,80 - 89,F,22
MG,OUTRAS,VIA_PUBLICA,80 - 89,M,23
MG,COVID,DOMICILIO,80 - 89,F,7
MG,COVID,DOMICILIO,80 - 89,M,7
MG,COVID,HOSPITAL,80 - 89,F,134
MG,COVID,HOSPITAL,80 - 89,M,153
MG,COVID,IGNORADO,80 - 89,F,3
MG,COVID,IGNORADO,80 - 89,M,4
MG,COVID,OUTRO,80 - 89,F,1
MG,COVID,OUTROS_SERVICOS_SAUDE,80 - 89,F,10
MG,COVID,OUTROS_SERVICOS_SAUDE,80 - 89,M,7
MG,COVID,VIA_PUBLICA,80 - 89,M,1
MG,INDETERMINADA,DOMICILIO,80 - 89,F,43
MG,INDETERMINADA,DOMICILIO,80 - 89,M,39
MG,INDETERMINADA,HOSPITAL,80 - 89,F,12
MG,INDETERMINADA,HOSPITAL,80 - 89,M,21
MG,INDETERMINADA,IGNORADO,80 - 89,F,3
MG,INDETERMINADA,IGNORADO,80 - 89,M,11
MG,INDETERMINADA,OUTRO,80 - 89,F,2
MG,INDETERMINADA,OUTRO,80 - 89,M,3
MG,INDETERMINADA,OUTROS_SERVICOS_SAUDE,80 - 89,F,6
MG,INDETERMINADA,OUTROS_SERVICOS_SAUDE,80 - 89,M,7
MG,INSUFICIENCIA_RESPIRATORIA,DOMICILIO,80 - 89,F,109
MG,INSUFICIENCIA_RESPIRATORIA,DOMICILIO,80 - 89,M,112
MG,INSUFICIENCIA_RESPIRATORIA,HOSPITAL,80 - 89,F,398
MG,INSUFICIENCIA_RESPIRATORIA,HOSPITAL,80 - 89,M,331
MG,INSUFICIENCIA_RESPIRATORIA,IGNORADO,80 - 89,F,17
MG,INSUFICIENCIA_RESPIRATORIA,IGNORADO,80 - 89,M,8
MG,INSUFICIENCIA_RESPIRATORIA,OUTRO,80 - 89,F,2
MG,INSUFICIENCIA_RESPIRATORIA,OUTRO,80 - 89,M,8
MG,INSUFICIENCIA_RESPIRATORIA,OUTROS_SERVICOS_SAUDE,80 - 89,F,45
MG,INSUFICIENCIA_RESPIRATORIA,OUTROS_SERVICOS_SAUDE,80 - 89,M,33
MG,INSUFICIENCIA_RESPIRATORIA,VIA_PUBLICA,80 - 89,F,1
MG,INSUFICIENCIA_RESPIRATORIA,VIA_PUBLICA,80 - 89,M,1
MG,PNEUMONIA,DOMICILIO,80 - 89,F,88
MG,PNEUMONIA,DOMICILIO,80 - 89,M,89
MG,PNEUMONIA,HOSPITAL,80 - 89,F,1156
MG,PNEUMONIA,HOSPITAL,80 - 89,M,1130
MG,PNEUMONIA,IGNORADO,80 - 89,F,32
MG,PNEUMONIA,IGNORADO,80 - 89,M,32
MG,PNEUMONIA,OUTRO,80 - 89,F,8
MG,PNEUMONIA,OUTRO,80 - 89,M,8
MG,PNEUMONIA,OUTROS_SERVICOS_SAUDE,80 - 89,F,87
MG,PNEUMONIA,OUTROS_SERVICOS_SAUDE,80 - 89,M,74
MG,PNEUMONIA,VIA_PUBLICA,80 - 89,F,1
MG,PNEUMONIA,VIA_PUBLICA,80 - 89,M,2
MG,SEPTICEMIA,DOMICILIO,80 - 89,F,44
MG,SEPTICEMIA,DOMICILIO,80 - 89,M,31
MG,SEPTICEMIA,HOSPITAL,80 - 89,F,946
MG,SEPTICEMIA,HOSPITAL,80 - 89,M,747
MG,SEPTICEMIA,IGNORADO,80 - 89,F,19
MG,SEPTICEMIA,IGNORADO,80 - 89,M,11
MG,SEPTICEMIA,OUTRO,80 - 89,F,4
MG,SEPTICEMIA,OUTRO,80 - 89,M,1
MG,SEPTICEMIA,OUTROS_SERVICOS_SAUDE,80 - 89,F,67
MG,SEPTICEMIA,OUTROS_SERVICOS_SAUDE,80 - 89,M,54
MG,SEPTICEMIA,VIA_PUBLICA,80 - 89,F,1
MG,SRAG,DOMICILIO,80 - 89,F,4
MG,SRAG,DOMICILIO,80 - 89,M,4
MG,SRAG,HOSPITAL,80 - 89,F,16
MG,SRAG,HOSPITAL,80 - 89,M,20
MG,SRAG,IGNORADO,80 - 89,M,2
MG,SRAG,OUTROS_SERVICOS_SAUDE,80 - 89,F,3
MG,SRAG,OUTROS_SERVICOS_SAUDE,80 - 89,M,3
MS,OUTRAS,DOMICILIO,80 - 89,F,115
MS,OUTRAS,DOMICILIO,80 - 89,M,138
MS,OUTRAS,HOSPITAL,80 - 89,F,216
MS,OUTRAS,HOSPITAL,80 - 89,M,235
MS,OUTRAS,OUTRO,80 - 89,F,7
MS,OUTRAS,OUTRO,80 - 89,M,6
MS,OUTRAS,POSTO_SAUDE,80 - 89,F,2
MS,OUTRAS,POSTO_SAUDE,80 - 89,M,2
MS,OUTRAS,VIA_PUBLICA,80 - 89,F,2
MS,OUTRAS,VIA_PUBLICA,80 - 89,M,5
MS,COVID,HOSPITAL,80 - 89,F,7
MS,COVID,HOSPITAL,80 - 89,M,12
MS,COVID,OUTRO,80 - 89,M,1
MS,INDETERMINADA,DOMICILIO,80 - 89,F,2
MS,INDETERMINADA,HOSPITAL,80 - 89,F,2
MS,INDETERMINADA,HOSPITAL,80 - 89,M,2
MS,INSUFICIENCIA_RESPIRATORIA,DOMICILIO,80 - 89,F,12
MS,INSUFICIENCIA_RESPIRATORIA,DOMICILIO,80 - 89,M,17
MS,INSUFICIENCIA_RESPIRATORIA,HOSPITAL,80 - 89,F,50
MS,INSUFICIENCIA_RESPIRATORIA,HOSPITAL,80 - 89,M,49
MS,INSUFICIENCIA_RESPIRATORIA,VIA_PUBLICA,80 - 89,F,1
MS,PNEUMONIA,DOMICILIO,80 - 89,F,17
MS,PNEUMONIA,DOMICILIO,80 - 89,M,15
MS,PNEUMONIA,HOSPITAL,80 - 89,F,185
MS,PNEUMONIA,HOSPITAL,80 - 89,M,203
MS,PNEUMONIA,OUTRO,80 - 89,M,1
MS,PNEUMONIA,VIA_PUBLICA,80 - 89,F,1
MS,SEPTICEMIA,DOMICILIO,80 - 89,F,1
MS,SEPTICEMIA,HOSPITAL,80 - 89,F,105
MS,SEPTICEMIA,HOSPITAL,80 - 89,M,91
MS,SEPTICEMIA,POSTO_SAUDE,80 - 89,F,1
MS,SRAG,HOSPITAL,80 - 89,F,3
MS,SRAG,HOSPITAL,80 - 89,M,2
RJ,OUTRAS,DOMICILIO,80 - 89,F,1361
RJ,OUTRAS,DOMICILIO,80 - 89,,1
RJ,OUTRAS,DOMICILIO,80 - 89,M,1061
RJ,OUTRAS,HOSPITAL,80 - 89,F,2131
RJ,OUTRAS,HOSPITAL,80 - 89,M,1709
RJ,OUTRAS,IGNORADO,80 - 89,F,8
RJ,OUTRAS,IGNORADO,80 - 89,M,8
RJ,OUTRAS,OUTRO,80 - 89,F,79
RJ,OUTRAS,OUTRO,80 - 89,M,58
RJ,OUTRAS,OUTROS_SERVICOS_SAUDE,80 - 89,F,591
RJ,OUTRAS,OUTROS_SERVICOS_SAUDE,80 - 89,M,408
RJ,OUTRAS,VIA_PUBLICA,80 - 89,F,3
RJ,OUTRAS,VIA_PUBLICA,80 - 89,M,8
RJ,COVID,DOMICILIO,80 - 89,F,21
RJ,COVID,DOMICILIO,80 - 89,M,13
RJ,COVID,HOSPITAL,80 - 89,F,1143
RJ,COVID,HOSPITAL,80 - 89,M,1152
RJ,COVID,IGNORADO,80 - 89,F,1
RJ,COVID,IGNORADO,80 - 89,M,1
RJ,COVID,OUTRO,80 - 89,F,1
RJ,COVID,OUTRO,80 - 89,M,4
RJ,COVID,OUTROS_SERVICOS_SAUDE,80 - 89,F,127
RJ,COVID,OUTROS_SERVICOS_SAUDE,80 - 89,M,146
RJ,COVID,VIA_PUBLICA,80 - 89,F,1
RJ,INDETERMINADA,DOMICILIO,80 - 89,F,31
RJ,INDETERMINADA,DOMICILIO,80 - 89,M,31
RJ,INDETERMINADA,HOSPITAL,80 - 89,F,45
RJ,INDETERMINADA,HOSPITAL,80 - 89,M,29
RJ,INDETERMINADA,IGNORADO,80 - 89,M,1
RJ,INDETERMINADA,OUTRO,80 - 89,F,3
RJ,INDETERMINADA,OUTRO,80 - 89,M,1
RJ,INDETERMINADA,OUTROS_SERVICOS_SAUDE,80 - 89,F,27
RJ,INDETERMINADA,OUTROS_SERVICOS_SAUDE,80 - 89,M,19
RJ,INSUFICIENCIA_RESPIRATORIA,DOMICILIO,80 - 89,F,99
RJ,INSUFICIENCIA_RESPIRATORIA,DOMICILIO,80 - 89,M,96
RJ,INSUFICIENCIA_RESPIRATORIA,HOSPITAL,80 - 89,F,448
RJ,INSUFICIENCIA_RESPIRATORIA,HOSPITAL,80 - 89,M,319
RJ,INSUFICIENCIA_RESPIRATORIA,IGNORADO,80 - 89,M,1
RJ,INSUFICIENCIA_RESPIRATORIA,OUTRO,80 - 89,F,4
RJ,INSUFICIENCIA_RESPIRATORIA,OUTRO,80 - 89,M,6
RJ,INSUFICIENCIA_RESPIRATORIA,OUTROS_SERVICOS_SAUDE,80 - 89,F,89
RJ,INSUFICIENCIA_RESPIRATORIA,OUTROS_SERVICOS_SAUDE,80 - 89,M,81
RJ,INSUFICIENCIA_RESPIRATORIA,VIA_PUBLICA,80 - 89,F,2
RJ,INSUFICIENCIA_RESPIRATORIA,VIA_PUBLICA,80 - 89,M,1
RJ,PNEUMONIA,DOMICILIO,80 - 89,F,61
RJ,PNEUMONIA,DOMICILIO,80 - 89,M,64
RJ,PNEUMONIA,HOSPITAL,80 - 89,F,1548
RJ,PNEUMONIA,HOSPITAL,80 - 89,M,1303
RJ,PNEUMONIA,IGNORADO,80 - 89,F,3
RJ,PNEUMONIA,IGNORADO,80 - 89,M,1
RJ,PNEUMONIA,OUTRO,80 - 89,F,5
RJ,PNEUMONIA,OUTRO,80 - 89,M,9
RJ,PNEUMONIA,OUTROS_SERVICOS_SAUDE,80 - 89,F,222
RJ,PNEUMONIA,OUTROS_SERVICOS_SAUDE,80 - 89,M,160
RJ,PNEUMONIA,VIA_PUBLICA,80 - 89,F,1
RJ,PNEUMONIA,VIA_PUBLICA,80 - 89,M,1
RJ,SEPTICEMIA,DOMICILIO,80 - 89,F,34
RJ,SEPTICEMIA,DOMICILIO,80 - 89,M,27
RJ,SEPTICEMIA,HOSPITAL,80 - 89,F,1422
RJ,SEPTICEMIA,HOSPITAL,80 - 89,M,856
RJ,SEPTICEMIA,IGNORADO,80 - 89,F,3
RJ,SEPTICEMIA,IGNORADO,80 - 89,M,1
RJ,SEPTICEMIA,OUTRO,80 - 89,F,6
RJ,SEPTICEMIA,OUTRO,80 - 89,M,3
RJ,SEPTICEMIA,OUTROS_SERVICOS_SAUDE,80 - 89,F,188
RJ,SEPTICEMIA,OUTROS_SERVICOS_SAUDE,80 - 89,M,97
RJ,SEPTICEMIA,VIA_PUBLICA,80 - 89,M,1
RJ,SRAG,DOMICILIO,80 - 89,F,1
RJ,SRAG,DOMICILIO,80 - 89,M,1
RJ,SRAG,HOSPITAL,80 - 89,F,95
RJ,SRAG,HOSPITAL,80 - 89,M,103
RJ,SRAG,IGNORADO,80 - 89,M,1
RJ,SRAG,OUTRO,80 - 89,F,2
RJ,SRAG,OUTROS_SERVICOS_SAUDE,80 - 89,F,20
RJ,SRAG,OUTROS_SERVICOS_SAUDE,80 - 89,M,10
DF,OUTRAS,DOMICILIO,90 - 99,F,55
DF,OUTRAS,DOMICILIO,90 - 99,M,19
DF,OUTRAS,HOSPITAL,90 - 99,F,93
DF,OUTRAS,HOSPITAL,90 - 99,M,56
DF,OUTRAS,OUTRO,90 - 99,F,6
DF,OUTRAS,OUTRO,90 - 99,M,3
DF,OUTRAS,OUTROS_SERVICOS_SAUDE,90 - 99,F,2
DF,OUTRAS,OUTROS_SERVICOS_SAUDE,90 - 99,M,2
DF,COVID,DOMICILIO,90 - 99,F,2
DF,COVID,DOMICILIO,90 - 99,M,2
DF,COVID,HOSPITAL,90 - 99,F,38
DF,COVID,HOSPITAL,90 - 99,M,30
DF,COVID,OUTRO,90 - 99,F,1
DF,COVID,OUTRO,90 - 99,M,1
DF,COVID,OUTROS_SERVICOS_SAUDE,90 - 99,F,2
DF,COVID,OUTROS_SERVICOS_SAUDE,90 - 99,M,1
DF,INDETERMINADA,DOMICILIO,90 - 99,F,1
DF,INDETERMINADA,HOSPITAL,90 - 99,M,1
DF,INDETERMINADA,OUTRO,90 - 99,F,1
DF,INSUFICIENCIA_RESPIRATORIA,DOMICILIO,90 - 99,F,6
DF,INSUFICIENCIA_RESPIRATORIA,DOMICILIO,90 - 99,M,7
DF,INSUFICIENCIA_RESPIRATORIA,HOSPITAL,90 - 99,F,17
DF,INSUFICIENCIA_RESPIRATORIA,HOSPITAL,90 - 99,M,4
DF,INSUFICIENCIA_RESPIRATORIA,OUTRO,90 - 99,F,1
DF,INSUFICIENCIA_RESPIRATORIA,OUTROS_SERVICOS_SAUDE,90 - 99,M,3
DF,PNEUMONIA,DOMICILIO,90 - 99,F,9
DF,PNEUMONIA,DOMICILIO,90 - 99,M,5
DF,PNEUMONIA,HOSPITAL,90 - 99,F,106
DF,PNEUMONIA,HOSPITAL,90 - 99,M,76
DF,PNEUMONIA,OUTRO,90 - 99,F,1
DF,PNEUMONIA,OUTROS_SERVICOS_SAUDE,90 - 99,F,8
DF,PNEUMONIA,OUTROS_SERVICOS_SAUDE,90 - 99,M,2
DF,SEPTICEMIA,DOMICILIO,90 - 99,F,1
DF,SEPTICEMIA,DOMICILIO,90 - 99,M,3
DF,SEPTICEMIA,HOSPITAL,90 - 99,F,57
DF,SEPTICEMIA,HOSPITAL,90 - 99,M,27
DF,SEPTICEMIA,OUTRO,90 - 99,F,1
DF,SEPTICEMIA,OUTROS_SERVICOS_SAUDE,90 - 99,F,3
DF,SRAG,HOSPITAL,90 - 99,F,1
MG,OUTRAS,DOMICILIO,90 - 99,F,913
MG,OUTRAS,DOMICILIO,90 - 99,M,489
MG,OUTRAS,HOSPITAL,90 - 99,F,807
MG,OUTRAS,HOSPITAL,90 - 99,M,499
MG,OUTRAS,IGNORADO,90 - 99,F,37
MG,OUTRAS,IGNORADO,90 - 99,M,26
MG,OUTRAS,OUTRO,90 - 99,F,53
MG,OUTRAS,OUTRO,90 - 99,M,20
MG,OUTRAS,OUTROS_SERVICOS_SAUDE,90 - 99,F,116
MG,OUTRAS,OUTROS_SERVICOS_SAUDE,90 - 99,M,68
MG,OUTRAS,VIA_PUBLICA,90 - 99,F,6
MG,OUTRAS,VIA_PUBLICA,90 - 99,M,7
MG,COVID,DOMICILIO,90 - 99,F,7
MG,COVID,DOMICILIO,90 - 99,M,3
MG,COVID,HOSPITAL,90 - 99,F,51
MG,COVID,HOSPITAL,90 - 99,M,42
MG,COVID,IGNORADO,90 - 99,M,1
MG,COVID,OUTROS_SERVICOS_SAUDE,90 - 99,F,6
MG,COVID,OUTROS_SERVICOS_SAUDE,90 - 99,M,5
MG,INDETERMINADA,DOMICILIO,90 - 99,F,24
MG,INDETERMINADA,DOMICILIO,90 - 99,M,22
MG,INDETERMINADA,HOSPITAL,90 - 99,F,14
MG,INDETERMINADA,HOSPITAL,90 - 99,M,8
MG,INDETERMINADA,IGNORADO,90 - 99,F,2
MG,INDETERMINADA,IGNORADO,90 - 99,M,1
MG,INSUFICIENCIA_RESPIRATORIA,DOMICILIO,90 - 99,F,84
MG,INSUFICIENCIA_RESPIRATORIA,DOMICILIO,90 - 99,M,67
MG,INSUFICIENCIA_RESPIRATORIA,HOSPITAL,90 - 99,F,187
MG,INSUFICIENCIA_RESPIRATORIA,HOSPITAL,90 - 99,M,137
MG,INSUFICIENCIA_RESPIRATORIA,IGNORADO,90 - 99,F,9
MG,INSUFICIENCIA_RESPIRATORIA,IGNORADO,90 - 99,M,2
MG,INSUFICIENCIA_RESPIRATORIA,OUTRO,90 - 99,F,3
MG,INSUFICIENCIA_RESPIRATORIA,OUTRO,90 - 99,M,2
MG,INSUFICIENCIA_RESPIRATORIA,OUTROS_SERVICOS_SAUDE,90 - 99,F,23
MG,INSUFICIENCIA_RESPIRATORIA,OUTROS_SERVICOS_SAUDE,90 - 99,M,16
MG,PNEUMONIA,DOMICILIO,90 - 99,F,94
MG,PNEUMONIA,DOMICILIO,90 - 99,M,70
MG,PNEUMONIA,HOSPITAL,90 - 99,F,764
MG,PNEUMONIA,HOSPITAL,90 - 99,M,534
MG,PNEUMONIA,IGNORADO,90 - 99,F,17
MG,PNEUMONIA,IGNORADO,90 - 99,M,10
MG,PNEUMONIA,OUTRO,90 - 99,F,9
MG,PNEUMONIA,OUTRO,90 - 99,M,3
MG,PNEUMONIA,OUTROS_SERVICOS_SAUDE,90 - 99,F,52
MG,PNEUMONIA,OUTROS_SERVICOS_SAUDE,90 - 99,M,33
MG,PNEUMONIA,VIA_PUBLICA,90 - 99,F,1
MG,SEPTICEMIA,DOMICILIO,90 - 99,F,37
MG,SEPTICEMIA,DOMICILIO,90 - 99,M,25
MG,SEPTICEMIA,HOSPITAL,90 - 99,F,493
MG,SEPTICEMIA,HOSPITAL,90 - 99,M,251
MG,SEPTICEMIA,IGNORADO,90 - 99,F,10
MG,SEPTICEMIA,IGNORADO,90 - 99,M,11
MG,SEPTICEMIA,OUTRO,90 - 99,F,4
MG,SEPTICEMIA,OUTRO,90 - 99,M,2
MG,SEPTICEMIA,OUTROS_SERVICOS_SAUDE,90 - 99,F,38
MG,SEPTICEMIA,OUTROS_SERVICOS_SAUDE,90 - 99,M,14
MG,SRAG,DOMICILIO,90 - 99,F,5
MG,SRAG,DOMICILIO,90 - 99,M,6
MG,SRAG,HOSPITAL,90 - 99,F,13
MG,SRAG,HOSPITAL,90 - 99,M,9
MG,SRAG,OUTROS_SERVICOS_SAUDE,90 - 99,M,1
MS,OUTRAS,DOMICILIO,90 - 99,F,72
MS,OUTRAS,DOMICILIO,90 - 99,M,72
MS,OUTRAS,HOSPITAL,90 - 99,F,96
MS,OUTRAS,HOSPITAL,90 - 99,M,72
MS,OUTRAS,OUTRO,90 - 99,F,3
MS,OUTRAS,OUTRO,90 - 99,M,4
MS,OUTRAS,POSTO_SAUDE,90 - 99,F,1
MS,OUTRAS,POSTO_SAUDE,90 - 99,M,1
MS,OUTRAS,VIA_PUBLICA,90 - 99,F,1
MS,OUTRAS,VIA_PUBLICA,90 - 99,M,1
MS,COVID,HOSPITAL,90 - 99,F,3
MS,COVID,HOSPITAL,90 - 99,M,3
MS,INDETERMINADA,DOMICILIO,90 - 99,M,2
MS,INDETERMINADA,HOSPITAL,90 - 99,F,1
MS,INSUFICIENCIA_RESPIRATORIA,DOMICILIO,90 - 99,F,8
MS,INSUFICIENCIA_RESPIRATORIA,DOMICILIO,90 - 99,M,9
MS,INSUFICIENCIA_RESPIRATORIA,HOSPITAL,90 - 99,F,21
MS,INSUFICIENCIA_RESPIRATORIA,HOSPITAL,90 - 99,M,14
MS,INSUFICIENCIA_RESPIRATORIA,OUTRO,90 - 99,M,1
MS,PNEUMONIA,DOMICILIO,90 - 99,F,8
MS,PNEUMONIA,DOMICILIO,90 - 99,M,6
MS,PNEUMONIA,HOSPITAL,90 - 99,F,101
MS,PNEUMONIA,HOSPITAL,90 - 99,M,82
MS,PNEUMONIA,OUTRO,90 - 99,F,1
MS,PNEUMONIA,POSTO_SAUDE,90 - 99,M,2
MS,SEPTICEMIA,DOMICILIO,90 - 99,F,2
MS,SEPTICEMIA,DOMICILIO,90 - 99,M,1
MS,SEPTICEMIA,HOSPITAL,90 - 99,F,40
MS,SEPTICEMIA,HOSPITAL,90 - 99,M,20
MS,SEPTICEMIA,POSTO_SAUDE,90 - 99,F,1
MS,SRAG,HOSPITAL,90 - 99,F,1
MS,SRAG,HOSPITAL,90 - 99,M,1
RJ,OUTRAS,DOMICILIO,90 - 99,F,1043
RJ,OUTRAS,DOMICILIO,90 - 99,M,464
RJ,OUTRAS,HOSPITAL,90 - 99,F,1084
RJ,OUTRAS,HOSPITAL,90 - 99,M,517
RJ,OUTRAS,IGNORADO,90 - 99,F,4
RJ,OUTRAS,IGNORADO,90 - 99,M,4
RJ,OUTRAS,OUTRO,90 - 99,F,60
RJ,OUTRAS,OUTRO,90 - 99,M,20
RJ,OUTRAS,OUTROS_SERVICOS_SAUDE,90 - 99,F,283
RJ,OUTRAS,OUTROS_SERVICOS_SAUDE,90 - 99,M,122
RJ,OUTRAS,VIA_PUBLICA,90 - 99,F,1
RJ,OUTRAS,VIA_PUBLICA,90 - 99,M,4
RJ,COVID,DOMICILIO,90 - 99,F,14
RJ,COVID,DOMICILIO,90 - 99,M,7
RJ,COVID,HOSPITAL,90 - 99,F,564
RJ,COVID,HOSPITAL,90 - 99,M,325
RJ,COVID,OUTRO,90 - 99,F,1
RJ,COVID,OUTRO,90 - 99,M,3
RJ,COVID,OUTROS_SERVICOS_SAUDE,90 - 99,F,54
RJ,COVID,OUTROS_SERVICOS_SAUDE,90 - 99,M,36
RJ,INDETERMINADA,DOMICILIO,90 - 99,F,24
RJ,INDETERMINADA,DOMICILIO,90 - 99,M,12
RJ,INDETERMINADA,HOSPITAL,90 - 99,F,18
RJ,INDETERMINADA,HOSPITAL,90 - 99,M,16
RJ,INDETERMINADA,OUTRO,90 - 99,F,1
RJ,INDETERMINADA,OUTROS_SERVICOS_SAUDE,90 - 99,F,11
RJ,INDETERMINADA,OUTROS_SERVICOS_SAUDE,90 - 99,M,7
RJ,INSUFICIENCIA_RESPIRATORIA,DOMICILIO,90 - 99,F,87
RJ,INSUFICIENCIA_RESPIRATORIA,DOMICILIO,90 - 99,M,45
RJ,INSUFICIENCIA_RESPIRATORIA,HOSPITAL,90 - 99,F,224
RJ,INSUFICIENCIA_RESPIRATORIA,HOSPITAL,90 - 99,M,98
RJ,INSUFICIENCIA_RESPIRATORIA,OUTRO,90 - 99,F,1
RJ,INSUFICIENCIA_RESPIRATORIA,OUTRO,90 - 99,M,3
RJ,INSUFICIENCIA_RESPIRATORIA,OUTROS_SERVICOS_SAUDE,90 - 99,F,51
RJ,INSUFICIENCIA_RESPIRATORIA,OUTROS_SERVICOS_SAUDE,90 - 99,M,21
RJ,PNEUMONIA,DOMICILIO,90 - 99,F,93
RJ,PNEUMONIA,DOMICILIO,90 - 99,M,34
RJ,PNEUMONIA,HOSPITAL,90 - 99,F,1032
RJ,PNEUMONIA,HOSPITAL,90 - 99,M,544
RJ,PNEUMONIA,IGNORADO,90 - 99,F,4
RJ,PNEUMONIA,IGNORADO,90 - 99,M,1
RJ,PNEUMONIA,OUTRO,90 - 99,F,6
RJ,PNEUMONIA,OUTRO,90 - 99,M,5
RJ,PNEUMONIA,OUTROS_SERVICOS_SAUDE,90 - 99,F,119
RJ,PNEUMONIA,OUTROS_SERVICOS_SAUDE,90 - 99,M,72
RJ,SEPTICEMIA,DOMICILIO,90 - 99,F,37
RJ,SEPTICEMIA,DOMICILIO,90 - 99,M,9
RJ,SEPTICEMIA,HOSPITAL,90 - 99,F,753
RJ,SEPTICEMIA,HOSPITAL,90 - 99,M,324
RJ,SEPTICEMIA,OUTRO,90 - 99,F,4
RJ,SEPTICEMIA,OUTRO,90 - 99,M,1
RJ,SEPTICEMIA,OUTROS_SERVICOS_SAUDE,90 - 99,F,106
RJ,SEPTICEMIA,OUTROS_SERVICOS_SAUDE,90 - 99,M,36
RJ,SRAG,DOMICILIO,90 - 99,F,3
RJ,SRAG,HOSPITAL,90 - 99,F,40
RJ,SRAG,HOSPITAL,90 - 99,M,22
RJ,SRAG,OUTRO,90 - 99,F,1
RJ,SRAG,OUTROS_SERVICOS_SAUDE,90 - 99,F,6
RJ,SRAG,OUTROS_SERVICOS_SAUDE,90 - 99,M,8
DF,OUTRAS,DOMICILIO,> 100,F,8
DF,OUTRAS,DOMICILIO,> 100,M,4
DF,OUTRAS,HOSPITAL,> 100,F,10
DF,OUTRAS,HOSPITAL,> 100,M,5
DF,OUTRAS,OUTRO,> 100,F,1
DF,OUTRAS,OUTRO,> 100,M,1
DF,OUTRAS,OUTROS_SERVICOS_SAUDE,> 100,M,1
DF,COVID,DOMICILIO,> 100,F,1
DF,COVID,DOMICILIO,> 100,M,1
DF,COVID,HOSPITAL,> 100,F,1
DF,COVID,HOSPITAL,> 100,M,1
DF,INDETERMINADA,DOMICILIO,> 100,M,1
DF,INSUFICIENCIA_RESPIRATORIA,DOMICILIO,> 100,F,2
DF,INSUFICIENCIA_RESPIRATORIA,DOMICILIO,> 100,M,1
DF,INSUFICIENCIA_RESPIRATORIA,HOSPITAL,> 100,M,1
DF,PNEUMONIA,DOMICILIO,> 100,F,3
DF,PNEUMONIA,DOMICILIO,> 100,M,1
DF,PNEUMONIA,HOSPITAL,> 100,F,12
DF,PNEUMONIA,HOSPITAL,> 100,M,4
DF,SEPTICEMIA,DOMICILIO,> 100,F,1
DF,SEPTICEMIA,DOMICILIO,> 100,M,1
DF,SEPTICEMIA,HOSPITAL,> 100,F,1
DF,SEPTICEMIA,HOSPITAL,> 100,M,1
DF,SEPTICEMIA,OUTROS_SERVICOS_SAUDE,> 100,M,1
DF,SRAG,HOSPITAL,> 100,M,1
MG,OUTRAS,DOMICILIO,> 100,F,113
MG,OUTRAS,DOMICILIO,> 100,M,39
MG,OUTRAS,HOSPITAL,> 100,F,63
MG,OUTRAS,HOSPITAL,> 100,M,38
MG,OUTRAS,IGNORADO,> 100,F,4
MG,OUTRAS,IGNORADO,> 100,M,4
MG,OUTRAS,OUTRO,> 100,F,5
MG,OUTRAS,OUTROS_SERVICOS_SAUDE,> 100,F,11
MG,OUTRAS,OUTROS_SERVICOS_SAUDE,> 100,M,5
MG,OUTRAS,VIA_PUBLICA,> 100,F,2
MG,OUTRAS,VIA_PUBLICA,> 100,M,1
MG,COVID,HOSPITAL,> 100,F,12
MG,COVID,HOSPITAL,> 100,M,1
MG,COVID,OUTROS_SERVICOS_SAUDE,> 100,M,1
MG,INDETERMINADA,DOMICILIO,> 100,F,3
MG,INDETERMINADA,DOMICILIO,> 100,M,5
MG,INDETERMINADA,HOSPITAL,> 100,F,1
MG,INDETERMINADA,IGNORADO,> 100,F,1
MG,INSUFICIENCIA_RESPIRATORIA,DOMICILIO,> 100,F,17
MG,INSUFICIENCIA_RESPIRATORIA,DOMICILIO,> 100,M,7
MG,INSUFICIENCIA_RESPIRATORIA,HOSPITAL,> 100,F,18
MG,INSUFICIENCIA_RESPIRATORIA,HOSPITAL,> 100,M,6
MG,INSUFICIENCIA_RESPIRATORIA,IGNORADO,> 100,M,2
MG,INSUFICIENCIA_RESPIRATORIA,OUTRO,> 100,F,1
MG,INSUFICIENCIA_RESPIRATORIA,OUTROS_SERVICOS_SAUDE,> 100,F,2
MG,INSUFICIENCIA_RESPIRATORIA,OUTROS_SERVICOS_SAUDE,> 100,M,2
MG,PNEUMONIA,DOMICILIO,> 100,F,15
MG,PNEUMONIA,DOMICILIO,> 100,M,7
MG,PNEUMONIA,HOSPITAL,> 100,F,84
MG,PNEUMONIA,HOSPITAL,> 100,M,37
MG,PNEUMONIA,IGNORADO,> 100,F,3
MG,PNEUMONIA,OUTROS_SERVICOS_SAUDE,> 100,F,4
MG,PNEUMONIA,OUTROS_SERVICOS_SAUDE,> 100,M,2
MG,SEPTICEMIA,DOMICILIO,> 100,F,5
MG,SEPTICEMIA,DOMICILIO,> 100,M,1
MG,SEPTICEMIA,HOSPITAL,> 100,F,26
MG,SEPTICEMIA,HOSPITAL,> 100,M,11
MG,SEPTICEMIA,IGNORADO,> 100,M,1
MG,SEPTICEMIA,OUTRO,> 100,F,1
MG,SEPTICEMIA,OUTROS_SERVICOS_SAUDE,> 100,F,5
MG,SEPTICEMIA,OUTROS_SERVICOS_SAUDE,> 100,M,2
MG,SRAG,DOMICILIO,> 100,F,1
MG,SRAG,DOMICILIO,> 100,M,3
MG,SRAG,HOSPITAL,> 100,F,1
MG,SRAG,HOSPITAL,> 100,M,1
MS,OUTRAS,DOMICILIO,> 100,F,13
MS,OUTRAS,DOMICILIO,> 100,M,9
MS,OUTRAS,HOSPITAL,> 100,F,6
MS,OUTRAS,HOSPITAL,> 100,M,3
MS,OUTRAS,VIA_PUBLICA,> 100,F,1
MS,INSUFICIENCIA_RESPIRATORIA,DOMICILIO,> 100,F,2
MS,INSUFICIENCIA_RESPIRATORIA,HOSPITAL,> 100,F,4
MS,INSUFICIENCIA_RESPIRATORIA,HOSPITAL,> 100,M,1
MS,PNEUMONIA,DOMICILIO,> 100,F,1
MS,PNEUMONIA,DOMICILIO,> 100,M,2
MS,PNEUMONIA,HOSPITAL,> 100,F,4
MS,PNEUMONIA,HOSPITAL,> 100,M,7
MS,SEPTICEMIA,HOSPITAL,> 100,F,4
RJ,OUTRAS,DOMICILIO,> 100,F,130
RJ,OUTRAS,DOMICILIO,> 100,M,29
RJ,OUTRAS,HOSPITAL,> 100,F,88
RJ,OUTRAS,HOSPITAL,> 100,M,27
RJ,OUTRAS,IGNORADO,> 100,F,1
RJ,OUTRAS,OUTRO,> 100,F,11
RJ,OUTRAS,OUTROS_SERVICOS_SAUDE,> 100,F,33
RJ,OUTRAS,OUTROS_SERVICOS_SAUDE,> 100,M,6
RJ,COVID,DOMICILIO,> 100,F,1
RJ,COVID,HOSPITAL,> 100,F,25
RJ,COVID,HOSPITAL,> 100,M,10
RJ,COVID,OUTROS_SERVICOS_SAUDE,> 100,F,1
RJ,COVID,OUTROS_SERVICOS_SAUDE,> 100,M,2
RJ,INDETERMINADA,DOMICILIO,> 100,F,5
RJ,INDETERMINADA,DOMICILIO,> 100,M,1
RJ,INDETERMINADA,HOSPITAL,> 100,F,2
RJ,INDETERMINADA,OUTROS_SERVICOS_SAUDE,> 100,F,1
RJ,INDETERMINADA,OUTROS_SERVICOS_SAUDE,> 100,M,1
RJ,INSUFICIENCIA_RESPIRATORIA,DOMICILIO,> 100,F,13
RJ,INSUFICIENCIA_RESPIRATORIA,DOMICILIO,> 100,M,3
RJ,INSUFICIENCIA_RESPIRATORIA,HOSPITAL,> 100,F,12
RJ,INSUFICIENCIA_RESPIRATORIA,HOSPITAL,> 100,M,5
RJ,INSUFICIENCIA_RESPIRATORIA,OUTRO,> 100,F,2
RJ,INSUFICIENCIA_RESPIRATORIA,OUTROS_SERVICOS_SAUDE,> 100,F,2
RJ,INSUFICIENCIA_RESPIRATORIA,OUTROS_SERVICOS_SAUDE,> 100,M,1
RJ,PNEUMONIA,DOMICILIO,> 100,F,6
RJ,PNEUMONIA,DOMICILIO,> 100,M,4
RJ,PNEUMONIA,HOSPITAL,> 100,F,85
RJ,PNEUMONIA,HOSPITAL,> 100,M,19
RJ,PNEUMONIA,IGNORADO,> 100,F,1
RJ,PNEUMONIA,OUTROS_SERVICOS_SAUDE,> 100,F,5
RJ,PNEUMONIA,OUTROS_SERVICOS_SAUDE,> 100,M,4
RJ,SEPTICEMIA,DOMICILIO,> 100,F,2
RJ,SEPTICEMIA,HOSPITAL,> 100,F,61
RJ,SEPTICEMIA,HOSPITAL,> 100,M,14
RJ,SEPTICEMIA,OUTROS_SERVICOS_SAUDE,> 100,F,4
RJ,SEPTICEMIA,OUTROS_SERVICOS_SAUDE,> 100,M,1
RJ,SRAG,DOMICILIO,> 100,F,1
RJ,SRAG,HOSPITAL,> 100,F,1
RJ,SRAG,OUTROS_SERVICOS_SAUDE,> 100,F,1
DF,OUTRAS,DOMICILIO,,M,3
DF,OUTRAS,HOSPITAL,,F,70
DF,OUTRAS,HOSPITAL,,,2
DF,OUTRAS,HOSPITAL,,M,66
DF,OUTRAS,OUTRO,,M,1
DF,INDETERMINADA,HOSPITAL,,F,2
DF,INSUFICIENCIA_RESPIRATORIA,HOSPITAL,,F,1
MG,OUTRAS,DOMICILIO,,F,26
MG,OUTRAS,DOMICILIO,,M,36
MG,OUTRAS,HOSPITAL,,F,345
MG,OUTRAS,HOSPITAL,,,17
MG,OUTRAS,HOSPITAL,,M,397
MG,OUTRAS,IGNORADO,,F,7
MG,OUTRAS,IGNORADO,,,7
MG,OUTRAS,IGNORADO,,M,7
MG,OUTRAS,OUTRO,,F,1
MG,OUTRAS,OUTRO,,M,7
MG,OUTRAS,OUTROS_SERVICOS_SAUDE,,F,6
MG,OUTRAS,OUTROS_SERVICOS_SAUDE,,M,3
MG,OUTRAS,VIA_PUBLICA,,F,5
MG,OUTRAS,VIA_PUBLICA,,M,7
MG,INDETERMINADA,DOMICILIO,,F,3
MG,INDETERMINADA,DOMICILIO,,M,5
MG,INDETERMINADA,HOSPITAL,,F,16
MG,INDETERMINADA,HOSPITAL,,M,14
MG,INDETERMINADA,IGNORADO,,F,2
MG,INDETERMINADA,IGNORADO,,M,1
MG,INDETERMINADA,OUTROS_SERVICOS_SAUDE,,M,1
MG,INSUFICIENCIA_RESPIRATORIA,DOMICILIO,,F,1
MG,INSUFICIENCIA_RESPIRATORIA,DOMICILIO,,,2
MG,INSUFICIENCIA_RESPIRATORIA,DOMICILIO,,M,1
MG,INSUFICIENCIA_RESPIRATORIA,HOSPITAL,,F,5
MG,INSUFICIENCIA_RESPIRATORIA,HOSPITAL,,,1
MG,INSUFICIENCIA_RESPIRATORIA,HOSPITAL,,M,7
MG,PNEUMONIA,DOMICILIO,,F,1
MG,PNEUMONIA,HOSPITAL,,F,4
MG,PNEUMONIA,HOSPITAL,,M,10
MG,PNEUMONIA,OUTROS_SERVICOS_SAUDE,,M,1
MG,SEPTICEMIA,DOMICILIO,,F,3
MG,SEPTICEMIA,DOMICILIO,,M,1
MG,SEPTICEMIA,HOSPITAL,,F,6
MG,SEPTICEMIA,HOSPITAL,,M,7
MG,SEPTICEMIA,VIA_PUBLICA,,,1
MG,SRAG,HOSPITAL,,M,2
MS,OUTRAS,DOMICILIO,,M,1
MS,OUTRAS,HOSPITAL,,F,6
MS,OUTRAS,HOSPITAL,,M,13
MS,OUTRAS,IGNORADO,,,1
MS,OUTRAS,OUTRO,,F,1
MS,PNEUMONIA,HOSPITAL,,F,1
MS,SEPTICEMIA,DOMICILIO,,F,1
MS,SEPTICEMIA,HOSPITAL,,F,1
MS,SEPTICEMIA,HOSPITAL,,M,1
RJ,OUTRAS,DOMICILIO,,F,19
RJ,OUTRAS,DOMICILIO,,,1
RJ,OUTRAS,DOMICILIO,,M,40
RJ,OUTRAS,HOSPITAL,,F,321
RJ,OUTRAS,HOSPITAL,,,27
RJ,OUTRAS,HOSPITAL,,M,366
RJ,OUTRAS,IGNORADO,,F,5
RJ,OUTRAS,IGNORADO,,M,5
RJ,OUTRAS,OUTRO,,F,9
RJ,OUTRAS,OUTRO,,,20
RJ,OUTRAS,OUTRO,,M,32
RJ,OUTRAS,OUTROS_SERVICOS_SAUDE,,F,13
RJ,OUTRAS,OUTROS_SERVICOS_SAUDE,,,1
RJ,OUTRAS,OUTROS_SERVICOS_SAUDE,,M,16
RJ,OUTRAS,VIA_PUBLICA,,F,1
RJ,OUTRAS,VIA_PUBLICA,,,4
RJ,OUTRAS,VIA_PUBLICA,,M,15
RJ,COVID,DOMICILIO,,F,1
RJ,COVID,HOSPITAL,,F,16
RJ,COVID,HOSPITAL,,,1
RJ,COVID,HOSPITAL,,M,15
RJ,COVID,OUTROS_SERVICOS_SAUDE,,M,3
RJ,INDETERMINADA,HOSPITAL,,F,2
RJ,INDETERMINADA,HOSPITAL,,M,6
RJ,INDETERMINADA,OUTRO,,,1
RJ,INDETERMINADA,VIA_PUBLICA,,M,1
RJ,INSUFICIENCIA_RESPIRATORIA,DOMICILIO,,,1
RJ,INSUFICIENCIA_RESPIRATORIA,DOMICILIO,,M,2
RJ,INSUFICIENCIA_RESPIRATORIA,HOSPITAL,,F,3
RJ,INSUFICIENCIA_RESPIRATORIA,HOSPITAL,,M,9
RJ,INSUFICIENCIA_RESPIRATORIA,OUTROS_SERVICOS_SAUDE,,,1
RJ,INSUFICIENCIA_RESPIRATORIA,VIA_PUBLICA,,M,1
RJ,PNEUMONIA,DOMICILIO,,F,1
RJ,PNEUMONIA,DOMICILIO,,,1
RJ,PNEUMONIA,DOMICILIO,,M,1
RJ,PNEUMONIA,HOSPITAL,,F,7
RJ,PNEUMONIA,HOSPITAL,,M,14
RJ,PNEUMONIA,IGNORADO,,M,1
RJ,PNEUMONIA,OUTRO,,M,2
RJ,PNEUMONIA,OUTROS_SERVICOS_SAUDE,,F,1
RJ,PNEUMONIA,OUTROS_SERVICOS_SAUDE,,M,3
RJ,SEPTICEMIA,HOSPITAL,,F,10
RJ,SEPTICEMIA,HOSPITAL,,,1
RJ,SEPTICEMIA,HOSPITAL,,M,9
RJ,SEPTICEMIA,OUTROS_SERVICOS_SAUDE,,F,2
RJ,SEPTICEMIA,OUTROS_SERVICOS_SAUDE,,M,5
RJ,SRAG,HOSPITAL,,F,2
RJ,SRAG,HOSPITAL,,M,1